# Count, Count Uncertainty, Sky Count
2.790502371218736233e+00,6.343857035555006796e+00,1.244188166139773982e-01
5.564112831456977659e+00,6.350046813463444906e+00,-6.809151416632014744e-03
2.536319567148416443e+00,6.256889768242944960e+00,1.758263730391501287e-02
2.742694949432326723e+00,6.286343827701848852e+00,5.075030277163866677e-02
5.595404316111109358e-06,6.308610373173390684e+00,2.192971181119889867e-01
1.785836532123884268e+00,6.328031135557984577e+00,1.552332032241074966e-01
2.436503891825280710e-01,6.356616658808449394e+00,2.716441372788558350e-01
1.991443681345541061e-01,6.157304375333303881e+00,6.203980727534469733e-03
3.844657137067991837e+00,6.366657550774933227e+00,1.020541228141793461e-01
2.153897990843740562e+00,6.209466269194327204e+00,-2.107312003574038708e-02
2.211110167597533760e+00,6.281610888682022775e+00,6.668358211223006371e-02
8.279922902714911714e+00,6.419274182921039795e+00,-5.226196379148341509e-02
1.507160363188479568e+00,6.297587653384606021e+00,1.233423696566035566e-01
4.475567581759038127e+00,6.452026958916525778e+00,1.908969475419442507e-01
5.537312270041439888e+00,6.284439287183822387e+00,-9.352867887751228904e-02
3.342424803930526878e+00,6.206928652524012158e+00,-9.064755412194312745e-02
3.598444464129401776e+00,6.382166570868140099e+00,1.413745452818777337e-01
9.318358166622841665e+00,6.437942683686340928e+00,-7.265239372576290378e-02
4.551122495058296025e+00,6.319885585063423683e+00,4.842741212348293696e-03
1.181186067447158372e+00,6.171668740546725651e+00,-9.334393416150003897e-02
4.548624429128548030e+00,6.234662889752096149e+00,-1.131392589348632904e-01
2.931697300668728356e+00,6.266561234788384560e+00,9.805337394158260625e-03
5.235815207640682978e+00,6.443395886538374029e+00,1.403783850503930730e-01
7.168691047429657459e+00,6.392015738486376719e+00,-3.198876008692617262e-02
4.362275518127703977e-01,6.272358736750994090e+00,1.479036166984855072e-01
6.573618367543131669e+00,6.412424846087334984e+00,2.882759291440062724e-02
4.327247654396062515e+00,6.351309717405714039e+00,5.995436755798053824e-02
4.566600344088358890e-07,6.287996712860350890e+00,1.910962725053501066e-01
1.406768985318061915e+01,6.652044985881069294e+00,-1.688461241838174962e-02
2.778468782138255114e-02,6.202150945895143153e+00,6.783995212749482917e-02
5.233636753281633247e+00,6.355600474736220029e+00,1.412423049716094066e-02
2.821104221008071455e+00,6.187994942859817549e+00,-9.769681288791982887e-02
2.663552543666995454e-01,6.205006663605589168e+00,-8.743032347120657799e-02
9.841597367933488938e-01,6.154090527749641382e+00,-5.758563702370060600e-02
2.160013324314788097e+00,6.379108712270100234e+00,2.045409705563762948e-01
1.253498951341703860e+00,6.257550261093521193e+00,7.810757974527937630e-02
9.262705425150542515e-01,6.170225351313114892e+00,-1.286474799693205530e-02
1.229867483194975719e+01,6.516841283310990995e+00,-1.185017359426960848e-01
9.899586879941187689e+00,6.544223681908710510e+00,4.819126706817285222e-02
6.681428457277791111e+00,6.488834817153401602e+00,1.270977874906721317e-01
7.448613567252390655e-02,6.362078678925577435e+00,2.863755492437498051e-01
1.059539187512164443e-01,6.324383815735936665e+00,2.327743114172897143e-01
5.175212277416957107e+00,6.337361098827368089e+00,-3.891977196751705229e-03
4.149014271978067603e-01,6.174822151146931226e+00,1.541310633236767612e-02
9.087858567746499583e-01,6.324028327764706248e+00,1.925744778630723020e-01
6.603255243905847838e-01,6.157960816322995079e+00,-4.853213973016927418e-02
1.882041962571407101e+00,6.317240049287730308e+00,1.314513593612879339e-01
3.760732620582265540e+00,6.339861326206368553e+00,7.361712487257207616e-02
1.246450192326874351e+01,6.500923703792397035e+00,-1.406903730362411009e-01
2.087768609935954436e-02,6.253403334647697598e+00,1.497417142481329289e-01
6.570341883295387042e+00,6.504734695411793055e+00,1.521488314150050702e-01
1.192690714571759646e-02,6.190458853631843006e+00,4.919727691737781766e-02
8.177331124135928775e+00,6.395650724296294776e+00,-6.744752713683700718e-02
1.698257002081684774e+01,6.645473964894523355e+00,-1.662181825479490394e-01
4.202449980226943715e+00,6.442364086408142398e+00,1.943737659115535588e-01
9.335145947467719196e+00,6.463616682494767396e+00,-3.805629599250773265e-02
4.804285375933385893e+00,6.295143829827844151e+00,-3.935670707502562232e-02
2.202038416586951985e+00,6.176756045383976712e+00,-8.302993741529630933e-02
3.908737536964732140e+00,6.417779110210371840e+00,1.798912173428801331e-01
2.558318775160768777e+00,6.214106272452951885e+00,-3.481745861781854884e-02
1.195710969639280474e+00,6.152930205645782635e+00,-6.934909880563389084e-02
6.773360884692441353e+00,6.413726459010749892e+00,1.825928001692581765e-02
5.926127375736546243e-01,6.216491128704261904e+00,6.625943829484891301e-02
1.911894777637714649e+00,6.304632542673869189e+00,1.118107094661209971e-01
3.893583703839591958e+00,6.433552282163053526e+00,1.892484162235528733e-01
1.622456396468632128e-02,6.217371266405358199e+00,9.433328301450888409e-02
1.638481287550842547e+00,6.450519401810054454e+00,3.277254472838004862e-01
1.173302105749323765e+01,6.441807423337888139e+00,-1.831913280370328356e-01
6.901778940034885679e+00,6.379178826467749808e+00,-2.698107715909958335e-02
7.590669268070794118e+00,6.425058770897484450e+00,-2.088678856410146854e-03
7.300730925596248255e+00,6.395609712908597366e+00,-3.562352199536073655e-02
4.592728083112150195e+00,6.463797665331985520e+00,2.000425844866234593e-01
7.127763718821987560e+00,6.420816177941378378e+00,1.249908792227456128e-02
1.531937722781098543e+01,6.612987550990530927e+00,-1.323665740024742299e-01
2.270029306956667714e+00,6.408882652157450899e+00,2.367129177900146597e-01
3.274233217807238638e+00,6.373160992886951703e+00,1.387167642015840752e-01
9.074559961361718052e+00,6.402494911431917402e+00,-1.143734072847028133e-01
1.480847006116516040e-01,6.273028898582293067e+00,1.628037025241473590e-01
2.272821669875666264e-02,6.186165721775122250e+00,5.271355502296255768e-02
4.528339722094820274e+00,6.331970377055018417e+00,1.803867392566400885e-02
4.644402749466510549e+00,6.230744320066253117e+00,-1.289346129256253859e-01
6.201039465602042000e+00,6.374309274239214673e+00,-2.388619643271196104e-04
3.594677610028017334e+00,6.451713144517367660e+00,2.360981330182948812e-01
7.079466756447006404e+00,6.438469519867765278e+00,4.273192662902127598e-02
4.528259363257991943e+00,6.244986081258718791e+00,-9.417184337697614982e-02
4.995259854903301433e-02,6.429356099138462177e+00,3.745597482331706196e-01
4.712547756436662461e+00,6.329171190796007984e+00,8.024087796303121592e-03
7.562428451824414921e+00,6.426716786331264863e+00,-6.053438788388538008e-03
6.628765731817691353e+00,6.408643571707221653e+00,2.330399986140319762e-02
1.092800407837426944e-08,6.353702492269619029e+00,2.803954651071979276e-01
2.435949133343144890e+00,6.309328999905559066e+00,9.755592233960258541e-02
1.213223401112486499e+00,6.261795600537430673e+00,9.448487222433187005e-02
9.840858726897423026e+00,6.457231194281299658e+00,-6.677775758299714370e-02
3.952028433944241304e+00,6.253759572160419111e+00,-4.882205001869629329e-02
5.534525922548515275e+00,6.350942755371923987e+00,6.719407071998584335e-03
2.116149994188624983e-01,6.406578770270354717e+00,3.341196825843135154e-01
4.210605151098128829e+00,6.240454420760619847e+00,-8.707021299497769151e-02
2.772527340257010309e+00,6.425099299871763314e+00,2.388204966812035313e-01
2.400954957884366206e-02,6.302099856043522408e+00,2.090056185690640500e-01
4.199320360227547511e+00,6.346248952588849690e+00,5.532321045633010331e-02
1.201600897948640601e+01,6.546203834767134744e+00,-5.024533224503174855e-02
8.114478284043342704e-01,6.160953095233948851e+00,-5.494263434227730780e-02
1.469554956000312473e-04,6.412893408917180516e+00,3.551184316387209772e-01
8.829701371494984130e+00,6.410068221848041148e+00,-8.510665606371929648e-02
4.534467840392461646e+00,6.338324879282486002e+00,4.314954077702506247e-02
2.640510123842433110e+00,6.283332730443587089e+00,4.232275616525216222e-02
4.787323184305070090e-01,6.336449026252526373e+00,2.346449635572203096e-01
6.978992806668168347e-01,6.198975338486326869e+00,4.016066912160567298e-02
7.029453738356102876e-01,6.343250284524309279e+00,2.333031963012650589e-01
1.485709832301802757e+00,6.174227373367569882e+00,-3.386333154235646181e-02
2.162089553850482293e+00,6.399320520658928757e+00,2.380747777514168884e-01
1.049513202162819780e+01,6.606638026603034675e+00,1.012241170159405707e-01
6.986458028715480939e-01,6.254855016795240807e+00,1.016640967820066771e-01
4.315287805150301637e+00,6.428116254200573643e+00,1.606298110716715688e-01
1.448747807669773957e+00,6.245731660883152792e+00,6.015712009613448374e-02
1.475235897631097082e+01,6.625607420822587024e+00,-9.404878478117412177e-02
2.852899626367019881e+00,6.262177519893056932e+00,1.099815895304100122e-02
1.120957353030687820e+01,6.510016274681297510e+00,-7.328984065925235603e-02
7.088372247215029454e+00,6.419828358063970342e+00,1.055284721778188342e-02
1.101730643925985120e+01,6.520417203392588235e+00,-3.854532424838221644e-02
4.201934645023608361e+00,6.359605416290786017e+00,7.858715534959599680e-02
3.949284859657741453e+00,6.193689928483094853e+00,-1.514533510868987520e-01
1.808237801488600027e+00,6.241041604088723993e+00,3.095680551332467834e-02
9.321086768893826147e+00,6.492291016017158967e+00,5.914426872100031485e-03
1.084345496797429043e+01,6.649201204940934140e+00,1.517151256985546093e-01
8.200146791707788041e-02,6.395557952490356968e+00,3.265247863911948656e-01
6.744688500785819940e+00,6.395663672241224340e+00,-5.911091787878061665e-03
2.042197034404896971e+00,6.332305346109910360e+00,1.443057818573972306e-01
2.685113967765585308e+00,6.408455293927992180e+00,2.174381273546832083e-01
1.356225291366821217e+01,6.548544755007122298e+00,-1.204032347561063837e-01
2.508990941266131003e+01,6.965999604983804439e+00,-9.078110998805644094e-02
5.553994500340644791e+00,6.464491284378438785e+00,1.505150804858444435e-01
1.627352673457927423e+01,6.759448404629053719e+00,3.453553866754277557e-02
2.511000137370384522e+00,6.380391670448029018e+00,1.895859300295798799e-01
4.056904106305766256e+00,6.427880211150547751e+00,1.703291275805549065e-01
1.789582420825165388e-01,6.335560078469658407e+00,2.366185435967678163e-01
2.753701384011104647e+00,6.287478149844718978e+00,3.818991780966519978e-02
1.812848703557251540e+01,6.620392634812779953e+00,-2.581453256784726480e-01
4.235546825562392925e+00,6.380322787249776084e+00,9.787315659855692906e-02
1.092774103073138470e+01,6.536860343621092362e+00,-1.182566036827882236e-02
4.546791613775154950e+00,6.207700303039318968e+00,-1.622251720281825960e-01
1.477535549596351139e+01,6.707197474009197080e+00,2.534760921655258500e-02
1.050427265611822847e+01,6.573694707177468288e+00,6.100223552721085324e-02
5.625441512350940698e+00,6.440436981572053021e+00,1.170807819292663254e-01
1.016305520653816075e+01,6.750537529467964148e+00,3.222100052171659179e-01
1.264312793243261090e+01,6.579679229031978771e+00,-4.093074649423086159e-02
1.362783158343205869e+01,6.604564951065390765e+00,-5.037147726545941617e-02
2.005005226460852441e+01,6.903859379312478950e+00,5.988482831092872827e-02
1.933324792935391168e+00,6.338242760962105926e+00,1.690610337479076797e-01
1.845626965259298743e-02,6.368069518116058703e+00,2.979464595321189568e-01
9.015102095579711872e+00,6.540841714699329401e+00,8.547404661258432845e-02
7.667896558228124437e-01,6.336069676948570262e+00,2.161142906877706327e-01
8.768168334657918450e+00,6.468932929177856117e+00,-1.173602279179691843e-02
1.115743547258081891e+00,6.457154642377484599e+00,3.589505935575315609e-01
1.984956029685316281e+01,6.863599026837712280e+00,5.176453539023800551e-03
1.650481321208475194e+01,6.725427152091999261e+00,-1.879511061357501747e-02
1.931598271647631648e+01,6.843544041443758275e+00,1.384869486008531887e-02
1.840075957920696581e+01,6.910362198067088180e+00,1.485324293976690579e-01
2.497936824554567181e+01,7.028890699467278402e+00,1.475719541563385445e-02
1.427680633136823651e+01,6.719137751828681893e+00,6.282386695414649003e-02
7.406988144573893429e+00,6.437607658918828690e+00,2.140899626195153990e-02
1.920796255780657447e+01,6.851541732000566043e+00,3.194108136998196484e-02
2.476716626464455828e+01,6.978813389476816731e+00,-7.025244824978785219e-02
2.038145217429877931e+01,6.996268191671941139e+00,1.780838750259380043e-01
1.638927282829160248e+01,6.652737435226690366e+00,-1.322294908934838475e-01
1.974087404761839082e+01,6.691241088871398013e+00,-2.297729954246353623e-01
1.055059085561031118e+01,6.621400181127640394e+00,1.207135845073631364e-01
1.663516515626278647e+01,6.778898354501079915e+00,5.470027348102170922e-02
4.944799300950855958e+00,6.476173943426107193e+00,2.021750649639759423e-01
1.699126986047520305e+01,6.917218502576774952e+00,2.308532417522029534e-01
1.752329266061521551e+01,6.863277739552612999e+00,1.352346578883534267e-01
1.285185993751364997e+01,6.654615046939040823e+00,5.983354401522365112e-02
2.413543855788569203e+01,6.985055041073207072e+00,-2.439002871765898195e-02
1.125429834256423867e+01,6.684418446071695996e+00,1.698479892201630592e-01
1.365279597925739807e+01,6.584666047394960309e+00,-9.181701806307179803e-02
1.616667672204631856e+01,6.769778370827921776e+00,6.137699133569689269e-02
1.218367681739136721e+01,6.590238994472948697e+00,3.940025483223026474e-03
1.518872816103563927e+01,6.723354472579546659e+00,2.808449779815955574e-02
9.374108164000238830e+00,6.541895032240764074e+00,6.327191605353861548e-02
6.958888910857241150e+00,6.548015754073999162e+00,1.964859464282895374e-01
1.929615191027083654e+01,6.890702737606803296e+00,7.775286707115042217e-02
2.827570764040332563e+01,7.155370354658535881e+00,3.251160398483206315e-02
1.916506469840066273e+01,6.872021193009341111e+00,5.899899705830590618e-02
2.979730972972359027e+01,7.078782719986746130e+00,-1.615071054569249542e-01
1.209018713042703297e+01,6.621354183233036039e+00,5.312540542983761049e-02
1.689116665176822352e+01,6.875874414458913897e+00,1.900758371171239747e-01
1.551086962725276486e+01,6.860792919918205612e+00,2.262289704015084113e-01
1.122685079002028097e+01,6.637241147905003302e+00,1.026103234377665485e-01
2.191784683904071329e+01,7.023583582029107042e+00,1.479097798182363865e-01
2.261225778535854758e+01,6.976358194248594380e+00,4.020279008732532272e-02
2.099327270284081592e+01,6.966573393934684333e+00,1.156616535327150974e-01
2.330541579650594386e+01,6.968218611540695662e+00,-5.854454773731946823e-03
4.210609531533368255e+01,7.475537075620799499e+00,-1.467939378322879185e-01
2.814432500791275515e+01,7.211507131388710690e+00,1.384060321818277040e-01
1.729944965260845535e+01,6.746577187560706790e+00,-2.955629247265602680e-02
1.843233025175285533e+01,6.794553223310662027e+00,-2.424224574352218040e-02
2.662717055810811217e+01,7.029737185598908589e+00,-6.751894436505968822e-02
2.920814420687983315e+01,7.252950835529722973e+00,1.561974536367990440e-01
2.630665316633763595e+01,7.150518861918212288e+00,1.237807271731278247e-01
2.761229809394390955e+01,7.149471991662990966e+00,5.439453302584756206e-02
2.306392517934952480e+01,7.051384973702273129e+00,1.329050051077299566e-01
3.576082356930584893e+01,7.422787707341433006e+00,8.831283413152057893e-02
2.108260110304507151e+01,7.118015275371837092e+00,3.382613424052085538e-01
3.464750328783536304e+01,7.207619588935523680e+00,-1.861752918113079858e-01
3.899299805178206668e+01,7.413495042958390790e+00,-7.465274679862708707e-02
3.944724314749269212e+01,7.497144899411707364e+00,2.897594635186417911e-02
3.519782746018386632e+01,7.404949845678539866e+00,9.465900856909274796e-02
4.204496606108754975e+01,7.663304432260376053e+00,1.714920630794282419e-01
2.653339398134131244e+01,7.180732029915137815e+00,1.575896433468647606e-01
3.646987089714441765e+01,7.400111675456283677e+00,2.457239607877529861e-02
3.177529159697867911e+01,7.210660316231601641e+00,-4.194765431023895347e-02
2.786379732645316309e+01,7.270885477703865618e+00,2.299076519199827473e-01
3.180569461127097952e+01,7.387159165635575953e+00,2.274494773103570011e-01
2.852683149428168718e+01,7.258815426207887000e+00,1.795780444992443603e-01
3.338355691034163186e+01,7.498982110445919780e+00,3.184489379174728629e-01
3.908362376965560259e+01,7.604445119499112948e+00,2.091530295673593720e-01
4.394550069064491993e+01,7.652514339475559701e+00,6.313715579821865820e-02
4.517609661496123152e+01,7.680290707803610672e+00,4.383443510410916372e-02
4.614937051430808879e+01,7.827721738409064045e+00,2.439591388333015587e-01
5.322559247270509530e+01,7.986811695843423209e+00,1.825603697275487158e-01
3.775897052288001987e+01,7.625270465430281419e+00,3.355499487597324859e-01
3.030873137786762328e+01,7.296428064823500925e+00,1.412837984796644075e-01
7.099595435614510563e+01,8.244852384968163861e+00,-2.169391947649712826e-01
4.927933138630059773e+01,7.816923839009616515e+00,8.400783237310338603e-02
5.606595918934377210e+01,8.015957148805304300e+00,9.208564099358158839e-02
4.578562350721935559e+01,7.778799017033105834e+00,1.799736092094841866e-01
5.552698799438303467e+01,8.091824610679806185e+00,2.322900768085437995e-01
5.441467338741470172e+01,7.929181941321553850e+00,1.378959651303500412e-03
6.086229727217964580e+01,8.207582998241607086e+00,1.928264868002019794e-01
7.364023952995383127e+01,8.419733702477044446e+00,-4.449980635477325530e-02
6.465037221607789775e+01,8.235824135231380794e+00,7.174466557973740999e-02
7.231032230495333124e+01,8.389082322950910608e+00,-3.113904266459363926e-02
5.058951179999348113e+01,7.909750845117212492e+00,1.719896084143073545e-01
6.270670749831522528e+01,8.167824337156194048e+00,4.482718564019640833e-02
7.211325860175327307e+01,8.626085141489827635e+00,4.190297506360377011e-01
7.228460001036677340e+01,8.472945124753998414e+00,1.149182326557097594e-01
6.767716270296774894e+01,8.391410439529913390e+00,2.106964522954066776e-01
5.224034286152620155e+01,8.075654926404926215e+00,3.738734733865490822e-01
6.776592790666136068e+01,8.436669889432351965e+00,2.680711436919713808e-01
7.556304689911333128e+01,8.619687369622127449e+00,2.286656733452607226e-01
8.053632612127550772e+01,8.645232527731836925e+00,4.473950379358091617e-02
8.463678947255307605e+01,8.802312820004296157e+00,1.288773526472063446e-01
8.692838351652511619e+01,8.786679086250781978e+00,1.585010191820263037e-02
8.719805827916960084e+01,8.865558655598832161e+00,1.517985571757840269e-01
8.439733408945504323e+01,8.917216180240430390e+00,3.755454529539719033e-01
9.586455967453545668e+01,8.955151286605055105e+00,-8.406873238037718132e-02
9.800583404566906154e+01,9.131899319558870687e+00,1.465373350556340992e-01
1.113405430320658809e+02,9.403292098404172350e+00,6.811753590140333381e-02
9.497099610600361075e+01,9.088382000918635129e+00,2.110890026532495356e-01
8.604244346655701747e+01,8.809660994918358412e+00,1.011119348918796818e-01
8.919432331327477925e+01,8.856218986052619258e+00,3.962612725827339283e-02
1.168790495304305779e+02,9.591199948494837813e+00,1.788627064612532125e-01
1.030077442250267268e+02,9.217454796258364169e+00,7.296708941902754764e-02
1.039224971338445727e+02,9.292342630615397781e+00,1.877755696858358081e-01
9.814872800914359630e+01,9.089521914803384561e+00,6.066457876166164720e-02
1.134615075091743108e+02,9.448436863431378896e+00,5.476247824042892315e-02
1.179774969478164763e+02,9.625334255142265150e+00,2.088086547930843029e-01
1.217749703591694157e+02,9.685940223803143567e+00,1.521822903585715869e-01
1.450704120999729412e+02,1.017307589258874145e+01,1.026034065034822224e-01
1.244890829931255922e+02,9.662852820992432257e+00,-2.991408577450208051e-02
1.447264749244567099e+02,1.018150199948471268e+01,1.434065459383821739e-01
1.455205654290018629e+02,1.016965504824379174e+01,6.576154518877479205e-02
1.241244577834245746e+02,9.751361651830901422e+00,1.814636404585290852e-01
1.350971741219401281e+02,9.957014612667263620e+00,9.715974927676017392e-02
1.250307801687481231e+02,9.858586383228558958e+00,3.543401398612120445e-01
1.321518771897916338e+02,9.944013324558305555e+00,2.109317140274404034e-01
1.555231132594323640e+02,1.049532388191923005e+01,3.130775242130977021e-01
1.553394014813876254e+02,1.046313206108018434e+01,2.664867712296106195e-01
1.645888813405870508e+02,1.061313618575929496e+01,1.740386799393436601e-01
1.510943073007790929e+02,1.041914662294858474e+01,3.577151172417903924e-01
1.790345042840922076e+02,1.088909549764845508e+01,1.446381670925264706e-01
1.684325445843877276e+02,1.071287099027005674e+01,2.257400507513603605e-01
1.735079983851193504e+02,1.069434235429693558e+01,-3.541905313714687614e-02
1.606406551275409242e+02,1.043891188551419802e+01,-3.306661203120072473e-02
1.644047737754303284e+02,1.064516406339152610e+01,2.471271095895524461e-01
1.550320299602064722e+02,1.042487713262749160e+01,1.816241347201953960e-01
1.498371018871725084e+02,1.036858700493881891e+01,2.953890520647844964e-01
1.724640912749252948e+02,1.086614975827131602e+01,3.845983577471651094e-01
1.772676972637672179e+02,1.081275310864247885e+01,6.837353126822834359e-02
1.587581754260256162e+02,1.063702636820189795e+01,4.808182492838593558e-01
1.542532742410020603e+02,1.033639000519648121e+01,3.887769840585023062e-02
1.882865743165962158e+02,1.113476639140660396e+01,2.867007315099739939e-01
1.703563793044330907e+02,1.070767177360054312e+01,1.144780182441858252e-01
1.782734865662623349e+02,1.088742012465595010e+01,1.723864878109413745e-01
1.902180836781639925e+02,1.113782016026293853e+01,1.950179329999789102e-01
1.741954644168523885e+02,1.082530645141990355e+01,2.078211527475119225e-01
1.832084397760721686e+02,1.108241266323363661e+01,3.742852908854243377e-01
1.964315709128080130e+02,1.130176691799212563e+01,3.123154045680164859e-01
1.871137718731880568e+02,1.104784922691085214e+01,1.342501308270818705e-01
1.899213093645144284e+02,1.107699311595983716e+01,7.997888144780750108e-02
1.828756171031254780e+02,1.085915801738790165e+01,-8.879945131837951866e-02
2.064128779600038399e+02,1.134841018004398983e+01,-1.336332906115891665e-02
2.036431760994674960e+02,1.134433163135306266e+01,7.608100558474435726e-02
1.928051143040051443e+02,1.111343048844004677e+01,3.906163854220019716e-02
1.996950069717206020e+02,1.126271246381112512e+01,7.779380621992827705e-02
2.131620005382173133e+02,1.155516909994899954e+01,1.851336802594150122e-01
1.939552234795939967e+02,1.123236696545142266e+01,2.678928555972542869e-01
2.180795845399609902e+02,1.158869944347586411e+01,3.676662326553482157e-02
2.205258997308401945e+02,1.165036389910996384e+01,6.925816080708176170e-02
2.219531857346308072e+02,1.172037318966003738e+01,1.821114283217082630e-01
1.819646960398778504e+02,1.091412815471716513e+01,5.732405014798942072e-02
1.750858836319802379e+02,1.073553298719612137e+01,-2.682317528115507263e-02
1.566952421225010710e+02,1.046834924724523930e+01,2.133054409896823767e-01
1.457563678860025789e+02,1.020005721189314407e+01,1.317740373124194897e-01
1.505088304511320985e+02,1.031153978541597027e+01,1.516952645196621152e-01
1.347438040790273419e+02,1.007185480658455035e+01,3.682185472997270281e-01
1.479928468742884888e+02,1.034814147507389315e+01,3.278168165919013166e-01
1.697888265879593916e+02,1.073946941023338297e+01,2.016739124135997208e-01
1.791676846133565277e+02,1.093097781715716543e+01,2.285513114490834996e-01
2.090439289142639723e+02,1.148685987025434585e+01,1.859846287672148046e-01
2.224414575369778788e+02,1.171379266943717745e+01,1.384696343232217630e-01
2.023732933288871152e+02,1.135076147978335470e+01,1.584217983793666518e-01
1.843284239851312236e+02,1.100806362647935188e+01,1.793476118884125836e-01
2.113718971064165544e+02,1.147665901990811044e+01,6.273509472033289569e-02
1.951928515268119213e+02,1.123188122133139366e+01,2.107971104916009641e-01
1.884594489880800552e+02,1.116631234781286430e+01,3.568493669472567187e-01
2.047249424775046407e+02,1.137533135204655110e+01,1.182465041438651027e-01
2.071390694874014855e+02,1.155621170159132127e+01,4.319807908427383825e-01
1.985354367285148385e+02,1.135452791916333481e+01,3.278045708746376019e-01
2.217206751947945804e+02,1.167481865992877132e+01,8.344052022279746517e-02
2.094706005644756885e+02,1.161947843128795732e+01,4.633755700667456234e-01
2.389337257912273458e+02,1.197566956992180565e+01,5.563249203715736613e-02
2.530300425552571539e+02,1.235024227950149545e+01,3.633921857163573410e-01
2.410654667573026870e+02,1.213547866004472908e+01,3.504448362548981954e-01
2.471468552892876858e+02,1.220031610277965406e+01,2.434444703898749063e-01
2.372482891032142334e+02,1.204287104940550712e+01,2.646654719044668758e-01
2.372556943920449442e+02,1.212865756176116072e+01,4.855488384082741748e-01
2.444449615458345306e+02,1.217500443233216245e+01,3.051865662620579789e-01
2.391562074676548946e+02,1.200936546635345259e+01,1.250958268381412719e-01
2.588266761108260994e+02,1.244154804315233065e+01,3.323553317347573421e-01
2.478419844749915057e+02,1.222740712266262797e+01,2.994045916326306123e-01
2.712507879149865744e+02,1.253722684950683153e+01,5.162993944356809167e-02
2.656972827290060764e+02,1.255864538726852686e+01,3.365722808225430351e-01
2.894001035808531128e+02,1.290237493548937842e+01,2.082450836106167491e-01
2.930796011394187417e+02,1.294378359538124812e+01,1.609640713140599033e-01
3.010064395962868957e+02,1.309322233755860765e+01,2.316722529196992286e-01
2.999455809209405857e+02,1.305971028030090153e+01,1.675151913372960599e-01
2.686864410939935510e+02,1.268635800930590563e+01,5.523505857124467733e-01
3.235743923474270787e+02,1.343721456587116236e+01,1.701430846919264328e-01
3.182343196577706408e+02,1.344147216804780243e+01,3.999604772739675518e-01
3.136892232573399042e+02,1.342403016774470714e+01,5.486260951460790736e-01
3.237662904940656290e+02,1.353471853635129030e+01,4.224122944820833392e-01
3.180092842829383244e+02,1.350825129816900727e+01,5.858142652438664832e-01
3.215177721859218991e+02,1.343540658454850600e+01,2.586721895736635024e-01
2.689919610704469619e+02,1.259023400885450350e+01,2.917960357532455307e-01
2.247220752930018364e+02,1.178142890202907545e+01,2.054119609826616788e-01
2.527873689176437608e+02,1.227240986486209806e+01,1.897271155464353432e-01
2.587785058761449477e+02,1.247986525878525121e+01,4.432147867939695840e-01
2.682464886359410343e+02,1.262741511132415972e+01,4.025345302465872521e-01
2.637377774824352059e+02,1.242450102332626116e+01,8.446571511247988329e-02
2.553708302432742698e+02,1.227843267264396943e+01,9.638059297445172868e-02
2.657306871176651839e+02,1.257416724388254536e+01,3.777983841128755849e-01
2.796104683831579223e+02,1.271882985718029424e+01,1.627703607867979907e-01
2.705558797231142307e+02,1.256539074750790341e+01,1.453858853142533103e-01
2.674558782327552535e+02,1.244908158229042883e+01,-1.045654476735720373e-02
2.352383475582542758e+02,1.202627318086349106e+01,3.252189380571797739e-01
2.404634430892639330e+02,1.203951772145620502e+01,1.290521324338388398e-01
2.437291673433461199e+02,1.215980039261572898e+01,3.034563586945311364e-01
2.806188533393930697e+02,1.284209980584457256e+01,-2.802287932332737583e-02
2.668469416479337610e+02,1.255642479362629693e+01,3.016490721818666509e-01
2.919691961914157332e+02,1.295157738573804274e+01,2.240661505929230357e-01
2.644486070999168419e+02,1.247814885465623291e+01,1.933651921802388152e-01
2.751245843752375322e+02,1.264646515619971723e+01,1.600870848534952373e-01
2.924054166470635892e+02,1.301544150582764559e+01,3.802859381961165575e-01
2.833147563334698589e+02,1.272866776864752048e+01,4.183465020131194728e-02
2.957762107370886611e+02,1.300709988429560759e+01,2.039693943468481319e-01
3.071458323988255756e+02,1.319373730150381263e+01,2.240797432374365128e-01
2.817020253279106328e+02,1.280770058936820099e+01,3.019064582606089675e-01
2.620124463616197659e+02,1.249591365047463398e+01,3.508600542552766099e-01
2.831432501876795982e+02,1.280467318918543107e+01,2.354182370905177069e-01
3.006670118939134682e+02,1.298556970370901453e+01,-4.696807386374762111e-02
2.761022381641587913e+02,1.277905688600876388e+01,4.553501247112084482e-01
2.948020137612541021e+02,1.309171711641161906e+01,4.649963136482627157e-01
2.987308082070199475e+02,1.306807150066462242e+01,2.467967007493961362e-01
2.953056756242606866e+02,1.298106927037625979e+01,1.926859466906809815e-01
3.120438672670675260e+02,1.329135068150291232e+01,2.525503143473421530e-01
2.842238147205579253e+02,1.281229596305095875e+01,2.042797889932093380e-01
2.946898507554388402e+02,1.298897966666694970e+01,2.246400145477632782e-01
2.700360245161785429e+02,1.278241172310947604e+01,7.257291132419024793e-01
3.413393210967926166e+02,1.371323424137985825e+01,1.709839365033268832e-01
3.013626459098714463e+02,1.319170544817562174e+01,4.687936780141001014e-01
2.955142061973658656e+02,1.296007955717298010e+01,9.348094981360663414e-02
3.352266788144183920e+02,1.363190763310914555e+01,2.027907852311906234e-01
3.111417019561625921e+02,1.332668325822668898e+01,3.899701111290558853e-01
3.337680226820243661e+02,1.359489627195748263e+01,1.618196934785671448e-01
3.270255741394699953e+02,1.343563502999594661e+01,1.840179756826570978e-02
3.043570230639871852e+02,1.314024000769850709e+01,2.097142800432235665e-01
3.003139143287532988e+02,1.310665841994281600e+01,2.833743117293365810e-01
3.098199096066919083e+02,1.331568223482886459e+01,4.189256004633041264e-01
3.641994936662077293e+02,1.407091155365488078e+01,1.957177323574915695e-01
3.355568258459462072e+02,1.373103194320106546e+01,4.644978258676174532e-01
2.907203987612527385e+02,1.284426398158124627e+01,-2.597247309137650818e-04
2.371326240794061562e+02,1.201947315217204171e+01,2.490883418998657006e-01
2.654859119135015817e+02,1.251405666506784620e+01,2.377731824055768772e-01
2.773852346387015473e+02,1.274971818917832067e+01,3.417036616962823570e-01
3.066272739673787555e+02,1.329118848018821986e+01,4.991449562951145169e-01
3.656836578430811642e+02,1.411972165624790776e+01,2.627149909793625171e-01
3.702211147404976828e+02,1.420363985839454379e+01,3.316024977731403256e-01
3.400690838646644352e+02,1.379956335558425096e+01,4.572621604873296497e-01
3.021177726992650605e+02,1.307967868459564187e+01,1.370647125072173844e-01
3.224777024373177596e+02,1.349463929986549360e+01,3.744164696816333904e-01
4.256953657460989007e+02,1.504240369004060796e+01,4.200063796111318526e-01
4.853832667863620145e+02,1.586681056800111556e+01,4.657983177965156485e-01
4.940323411659899762e+02,1.593037646593281131e+01,3.161268003749243549e-01
5.036161545072343415e+02,1.598096749943517025e+01,7.773818511929228570e-02
5.192447995497083184e+02,1.628101661797114375e+01,3.647447799533942159e-01
5.062062983520809780e+02,1.604505961303122774e+01,1.645601001713315470e-01
5.005005336857992688e+02,1.599942335855489439e+01,2.525244987767321647e-01
4.861206787403902467e+02,1.579134289673885938e+01,2.014233925315866425e-01
4.930234210430122062e+02,1.596076667170993169e+01,4.408439673923930102e-01
4.822525626066239965e+02,1.582492331519724260e+01,4.521298665974387565e-01
4.812886450000831360e+02,1.577814651466702323e+01,3.390678708252445328e-01
4.755346111374766451e+02,1.566047327962732183e+01,2.308295047748224749e-01
4.541782272461197749e+02,1.539405685682150882e+01,3.020868049375228792e-01
5.357573397043337309e+02,1.642963698965729336e+01,1.829920395545452383e-01
5.605928414360105307e+02,1.684672232102566980e+01,5.072433932700356474e-01
5.570572600570645818e+02,1.672753528098299824e+01,2.681610452265562605e-01
6.244136464670827991e+02,1.758788484371029170e+01,3.888330256502309235e-01
5.596255669303058085e+02,1.677084814245223043e+01,3.041171762168383697e-01
5.868454520069550426e+02,1.709673637598590545e+01,2.652829868103449562e-01
5.613849315478250901e+02,1.676494201090826763e+01,2.160079773635011358e-01
5.985199455052345456e+02,1.728897742205048260e+01,4.440802985577906314e-01
5.871195664943987822e+02,1.710469212002397299e+01,2.882355522788846436e-01
6.471854177523098315e+02,1.785046051020004043e+01,3.852702895381339698e-01
5.728518805793332831e+02,1.699475479901786201e+01,4.912449572072269399e-01
5.773070644720457949e+02,1.699328519235135460e+01,3.204766498520772444e-01
5.491757765574811856e+02,1.661276858673689105e+01,2.131190184161754209e-01
5.983121479090962112e+02,1.723845222779899444e+01,2.868715446544939374e-01
6.232804485026448447e+02,1.755425807320229836e+01,3.431733173815185722e-01
6.369480505876114194e+02,1.778881458190856435e+01,5.614507888156736737e-01
6.350323847003927540e+02,1.770062736423548344e+01,3.592561323543470575e-01
7.087412257723099174e+02,1.853679444416388478e+01,3.232351465010378511e-01
6.409129550978141197e+02,1.777052855395099584e+01,3.407284620300296551e-01
6.974028619831237847e+02,1.840787455610488621e+01,3.184222037614762857e-01
6.401000355220980964e+02,1.777887960229170261e+01,4.104626490376975245e-01
6.421294954902143672e+02,1.784074001068476889e+01,5.413862680051048093e-01
7.223436372931578262e+02,1.866728356631318775e+01,2.525031437031339809e-01
7.086800163944093356e+02,1.852745033377174977e+01,2.814484663537529241e-01
7.364620646937326001e+02,1.885659585795736248e+01,3.466395900242828509e-01
7.297805250980151186e+02,1.874069340467174882e+01,2.056744159872394562e-01
6.796930691395896247e+02,1.819884946486078192e+01,2.987229600282068076e-01
6.894363694836581544e+02,1.834878509955618497e+01,4.007252336336967202e-01
7.015066485330351043e+02,1.846133511124009985e+01,3.226054129986388741e-01
6.624458933176680375e+02,1.803292568352949843e+01,4.055037165001301736e-01
7.271018849313491046e+02,1.882112630192459335e+01,5.725928457837403673e-01
7.519049129683953652e+02,1.902833636635183368e+01,3.543172630934403600e-01
7.639597096350967149e+02,1.916359413329820072e+01,3.677496007667519495e-01
7.635573680448558207e+02,1.912289931273762988e+01,2.389713006526433536e-01
6.990016603967476385e+02,1.848765367186033259e+01,5.170887143384869100e-01
7.730738138561367805e+02,1.928856725913736980e+01,4.603024416702063970e-01
7.564506893914774537e+02,1.907979800421930250e+01,3.680231485847361150e-01
6.755989077883217533e+02,1.820697607471807444e+01,4.679568961269860994e-01
6.168826922695811845e+02,1.745432557018258279e+01,2.515839503773730779e-01
5.986454675836985189e+02,1.726723870866119626e+01,3.655666210702500085e-01
6.198592021471839644e+02,1.756178501715947604e+01,4.855372964185188933e-01
6.733261358374257952e+02,1.815891733037987166e+01,3.854222616276194446e-01
7.069029829183892844e+02,1.849181787842395863e+01,2.218187028068750177e-01
6.960971774206766440e+02,1.841291303884893438e+01,3.854107385284371023e-01
7.085073996876042202e+02,1.849896605054109244e+01,1.883502147942056337e-01
7.324885930159449572e+02,1.876701769843875311e+01,1.843963914445710117e-01
6.985090054508114008e+02,1.842261351647136891e+01,3.160800418992505967e-01
7.306881954354631716e+02,1.874396175090789640e+01,1.875380854405009068e-01
7.071517073263020166e+02,1.853647224019923812e+01,3.653310540187084121e-01
6.843446499113038044e+02,1.825010821929651783e+01,2.811674353738799481e-01
6.957446968022455849e+02,1.837545725958020526e+01,2.719952581115251955e-01
6.722505178315701642e+02,1.812660485008478517e+01,3.241349508647519140e-01
6.650571504834853158e+02,1.808179205822198199e+01,4.641218314940780965e-01
7.221489189506620505e+02,1.875620996598264512e+01,5.463061842142029612e-01
7.571398139423102975e+02,1.904079134959610542e+01,2.032486134992084470e-01
7.494602757953319951e+02,1.897426695795426355e+01,2.741067035964911969e-01
7.458056520491226138e+02,1.897824886705993919e+01,4.049275622801796759e-01
7.637284989919662621e+02,1.912655699180393043e+01,2.527088195744911503e-01
7.706365236058500159e+02,1.928524696158847718e+01,5.465254837130852916e-01
7.553415631200031157e+02,1.904774375684200294e+01,2.996180668857473250e-01
7.710013677384793027e+02,1.925061808956911946e+01,4.127536121457611173e-01
7.890774165548594965e+02,1.944509571814178273e+01,4.050615701927274270e-01
7.993918201681157143e+02,1.975821617667347141e+01,1.126104844354567813e+00
7.804550887049667836e+02,2.001466055609072825e+01,2.810948897271714486e+00
7.671173637214284327e+02,1.991143751139970064e+01,2.979474139421668610e+00
8.285187682512701031e+02,2.038282542083089766e+01,2.326159216523903339e+00
7.986503973351437935e+02,2.005404429919990505e+01,2.247810101740403521e+00
7.540000800583258069e+02,1.919660220287990882e+01,8.624319512746634331e-01
7.335160484945415647e+02,1.890419882070263924e+01,6.260237038898444073e-01
7.379822811416921695e+02,1.879110908960079485e+01,6.716368236340324038e-02
7.190700634511937324e+02,1.867168434470628213e+01,3.734087406742487847e-01
7.473046159527862073e+02,1.894585481109617575e+01,2.481483656345674360e-01
7.779678846152035021e+02,1.927168392706862221e+01,2.121642096376765707e-01
7.412326295148312738e+02,1.889551050836297463e+01,3.085286297497915053e-01
7.744058239635286327e+02,1.924473314295463666e+01,2.712193591460657083e-01
7.715415762444454231e+02,1.922778508155237276e+01,2.979387999048309643e-01
7.943679735878826023e+02,1.949354024872454616e+01,3.806550638369601280e-01
8.060094262159918799e+02,1.965370988384502127e+01,5.085271019415662508e-01
7.786619477863656584e+02,1.938611717523025391e+01,5.896067842591686814e-01
8.326018722317236325e+02,1.992057270185302187e+01,4.602776874745764801e-01
8.462590437150860225e+02,2.003618918113531677e+01,3.593126990150803390e-01
8.542580845147879245e+02,2.013785208846723762e+01,4.297905644894667865e-01
8.934511125492358588e+02,2.048937255877137531e+01,2.640842881816827803e-01
8.653001950818935484e+02,2.028221874413196701e+01,5.526407135528725867e-01
8.362833938471640067e+02,1.991013375435255739e+01,2.899190531396665937e-01
8.600258777508091725e+02,2.020881187031775639e+01,4.752290854562348232e-01
8.427676628603793461e+02,2.005014528809364194e+01,5.376108355191967503e-01
8.720388239425815300e+02,2.029879424402468047e+01,3.490715401868421663e-01
8.268539657243962893e+02,1.988480168135282256e+01,5.501991726639882119e-01
8.893605220313371547e+02,2.048793313619591672e+01,3.989130681208729046e-01
9.146700332241779279e+02,2.074209953622652947e+01,4.014094591128016809e-01
8.683537033543085499e+02,2.029409943326296428e+01,4.699028853766392122e-01
9.122607512104689249e+02,2.069599105325371369e+01,3.229507049808080232e-01
9.182405412839326573e+02,2.071986928053388866e+01,1.830262779988525434e-01
9.391825906673398094e+02,2.095744251066673414e+01,2.920758959728964599e-01
9.335476590522285960e+02,2.091783259134760442e+01,3.606455329181805780e-01
8.918862642447145390e+02,2.050630184085841989e+01,3.848508078511229114e-01
9.539320829364254450e+02,2.108552201477511900e+01,2.191188286997423906e-01
9.696239335484648336e+02,2.124834578541916841e+01,2.552632597247517232e-01
1.020822678262451404e+03,2.176122800989845985e+01,3.354438724672256233e-01
1.010578674718372667e+03,2.173407420218333286e+01,6.102971321476853284e-01
1.036847905726223416e+03,2.190789232555901833e+01,3.127604404383931280e-01
1.075852583134401129e+03,2.224414072115923346e+01,2.016049496051922352e-01
1.033550737887678224e+03,2.192320100510058367e+01,4.896549832059853280e-01
9.857878037682691001e+02,2.139288875124085010e+01,2.076385412144180487e-01
9.655396371747317517e+02,2.126469452648418468e+01,4.723194596500842057e-01
9.737741834858649099e+02,2.137571721776766864e+01,5.883532195401104392e-01
1.008141239812834442e+03,2.157719274279724786e+01,1.025778147372511107e-01
1.019348326730323151e+03,2.174718255896782537e+01,3.372832611423117743e-01
1.028639562784771442e+03,2.185548690522654169e+01,4.059771324718258745e-01
1.016513801128131149e+03,2.174029908323002402e+01,4.130394294715953318e-01
1.049917555941535511e+03,2.207859772931897169e+01,4.959545659613697199e-01
1.080545517480509034e+03,2.236438167194856419e+01,4.922743989785348662e-01
1.076098804746373389e+03,2.231454223544291082e+01,4.685792860903211232e-01
1.071151445682714439e+03,2.224761174369469074e+01,3.901470342945668190e-01
1.040806401510491469e+03,2.192619057043163622e+01,2.417418988957209247e-01
9.779074982608091204e+02,2.136711763482009729e+01,3.984282270047614372e-01
9.754744646918676381e+02,2.136604825115184170e+01,4.955932616418555758e-01
9.706580554578357578e+02,2.132138194360588557e+01,4.976349476886873791e-01
1.065578598613572012e+03,2.220863952116113893e+01,4.302516483828893179e-01
1.050951238266642576e+03,2.207007979713723600e+01,4.208985260112184101e-01
1.033572324031011476e+03,2.185736127453855104e+01,2.350349754509921674e-01
1.047036728960469418e+03,2.194934129457709560e+01,1.029083441016899053e-01
9.663771250702303632e+02,2.131073608974278955e+01,6.118499044445692148e-01
9.631843422313686460e+02,2.128755559719117230e+01,6.415913025581705398e-01
9.367954605060311906e+02,2.103419717165768787e+01,6.572004890159933721e-01
8.885823653125015653e+02,2.055161312192570833e+01,6.680729503806571712e-01
8.925445551607914467e+02,2.057576275311011571e+01,6.066361851234851610e-01
8.567763336649420580e+02,2.015531447875647686e+01,4.058499755969580680e-01
7.389657769343372138e+02,1.905079630401996127e+01,9.162362000515454907e-01
6.110806560849844118e+02,1.782048728706785212e+01,1.696700133056332493e+00
4.341597336119003785e+02,1.557438102200277363e+01,1.656027668910368345e+00
3.187027870355654500e+02,1.394931249026962483e+01,1.765802466614412314e+00
3.592951572905365651e+02,1.447616985303730708e+01,1.538789038800854492e+00
5.861617786569738655e+02,1.726955110680047767e+01,8.552441823318155389e-01
7.224613723193906480e+02,1.880068365285122312e+01,7.051558672715716458e-01
8.050498624309946081e+02,1.957418349489109843e+01,2.627733334391492703e-01
7.857114635510803282e+02,1.946676144293296318e+01,6.077875590621161228e-01
8.226372241896734749e+02,1.981135323622025979e+01,4.443129510062987508e-01
8.515514743875583008e+02,2.016784110416204001e+01,6.521130587904860887e-01
8.848946172180538952e+02,2.049108150048591881e+01,5.764669859601539992e-01
9.256424835871264349e+02,2.087534589415287911e+01,4.808077987413127419e-01
9.370986920729737903e+02,2.100156925342085756e+01,5.318801122939705861e-01
9.770351418288686318e+02,2.136667862936301887e+01,4.385915247504668102e-01
9.248840699634944258e+02,2.093586704445498370e+01,7.471317969154096517e-01
9.398249271651236540e+02,2.095294774399824433e+01,2.455102386575635787e-01
9.366786350556369598e+02,2.105406475402051925e+01,7.497965287529633205e-01
9.798443523150506280e+02,2.138021055271444126e+01,3.732457757660383457e-01
9.642513453907045005e+02,2.127841384309393291e+01,5.706540099624879403e-01
9.889806601218195965e+02,2.147345421246663122e+01,3.993288586942895790e-01
9.612253106921873496e+02,2.123164206804428744e+01,5.132607405760393204e-01
1.030513468849137325e+03,2.187010246941838432e+01,3.995756652101992157e-01
1.091436394404082876e+03,2.244503574756452480e+01,4.188299269937141300e-01
1.082999895356441584e+03,2.241307970256535853e+01,5.973432646680079117e-01
1.081751352702333861e+03,2.238531735967280767e+01,5.365283880882333323e-01
1.100337073604880970e+03,2.254904853657615504e+01,5.019432386559210535e-01
1.072121514188123228e+03,2.233470897083548579e+01,6.884003286573930902e-01
1.083079781706841004e+03,2.240278401350751025e+01,5.638048297989900481e-01
1.119990256812451435e+03,2.274005631947270345e+01,5.482590255798136525e-01
1.138508214092481239e+03,2.286771609223898238e+01,3.969874193777963023e-01
1.157459862632798377e+03,2.306073395725577058e+01,4.768474154146041810e-01
1.138582153775754023e+03,2.288327830502290183e+01,4.533696995527434215e-01
1.220082617157066352e+03,2.356513190634681365e+01,2.635708235362652641e-01
1.189775822067891340e+03,2.328264333081830628e+01,2.087884644762311448e-01
1.223149596313822940e+03,2.366095211516744001e+01,5.466330659985391138e-01
1.276242711697940194e+03,2.405174712913040835e+01,2.700714358260153380e-01
1.222924705410635397e+03,2.361345195631967542e+01,3.698666260863897604e-01
1.261308506317361207e+03,2.394363199488374860e+01,3.472140495125847215e-01
1.248377835275724010e+03,2.388434917970134208e+01,5.646493507327465800e-01
1.270280519124874900e+03,2.402931595307347834e+01,3.922447338499631120e-01
1.272224919719070158e+03,2.405398547484035277e+01,4.142591621721838924e-01
1.286450434936211423e+03,2.415057879282002773e+01,3.131333404380928220e-01
1.311629384574286178e+03,2.437328480129101393e+01,3.534597175529992641e-01
1.300599493316961116e+03,2.425688637011299065e+01,2.536053376006883742e-01
1.318049458288649248e+03,2.449929090482226357e+01,6.466361496715550272e-01
1.322848378830226920e+03,2.449310096684861549e+01,4.546317083242375490e-01
1.260968727961582090e+03,2.394070968158654367e+01,3.548785870144734456e-01
1.273192218551453607e+03,2.412882406551650760e+01,6.987666831836143455e-01
1.257993911965041661e+03,2.392844717913094854e+01,4.054994142798716283e-01
1.297764245814462811e+03,2.423040038961125830e+01,2.476728685770999971e-01
1.234412656387591369e+03,2.373490473937491529e+01,4.472476700362053026e-01
1.186916770531128577e+03,2.332096538506483441e+01,4.709367855407838865e-01
1.327408961138446330e+03,2.448513406309832163e+01,2.567018538193838739e-01
1.352563624264298824e+03,2.473111069623399061e+01,4.040363774906737260e-01
1.419157965676016602e+03,2.529738121251609684e+01,4.783471245293322016e-01
1.392974583201636278e+03,2.509568281648575550e+01,5.291046391378874114e-01
1.376557011317337810e+03,2.500921725439939181e+01,7.361149231669514847e-01
1.306760709369042388e+03,2.429577992799618613e+01,2.029021671194154719e-01
1.106074038928176378e+03,2.254023500822896864e+01,2.697660678762168751e-01
9.265778734567093124e+02,2.084965348685955178e+01,3.535443069566425178e-01
9.133613831355525008e+02,2.079631173494424345e+01,6.410803674015199682e-01
9.630009526722338933e+02,2.124756799086155823e+01,5.007894891533480886e-01
1.072171788818161758e+03,2.221414658072161785e+01,2.164305809131671920e-01
1.094495154636822235e+03,2.245505116705015425e+01,3.516315588350623633e-01
1.023999026046842459e+03,2.177915362307095748e+01,2.810214712290479144e-01
9.416324278528775267e+02,2.100828353496621403e+01,3.865526232231448200e-01
9.430841626544627161e+02,2.111456685839765868e+01,7.345922470113219749e-01
9.763265731176592226e+02,2.135668691643378025e+01,4.206488642351261520e-01
1.003006978828615274e+03,2.156811901567242629e+01,2.464390532916399534e-01
1.010372947171142755e+03,2.170563709389720231e+01,5.049989191315559234e-01
9.048096801440179888e+02,2.062050180515131359e+01,3.213496201530678942e-01
8.677020372811309699e+02,2.030881548714571849e+01,5.554604304924563030e-01
8.352862171534618483e+02,2.005243071030955093e+01,8.370240727620649190e-01
8.560514239495486208e+02,2.020388159942139694e+01,5.985891083066597895e-01
8.490232226464526093e+02,2.023319884268486391e+01,9.758848230597783058e-01
8.737602544241583473e+02,2.065693222297191056e+01,5.034101314566337138e-01
8.798629648572784845e+02,2.039277484151062581e+01,4.055719060831171618e-01
9.646560808027958274e+02,2.131035144312835428e+01,6.765750352953712188e-01
9.426714100454928484e+02,2.112545397673168068e+01,7.924712902414772220e-01
9.897863183406564076e+02,2.155646188995652324e+01,6.882432180664022070e-01
9.836318753281040017e+02,2.148709104444960616e+01,6.545674574437575499e-01
1.063109313956640108e+03,2.222620463200389196e+01,5.902989028317459086e-01
1.057716345037871406e+03,2.215455325878426507e+01,5.094854251232266984e-01
1.110662412127519701e+03,2.262755161200537302e+01,4.451305734379177315e-01
1.040589138038716783e+03,2.203106845056726826e+01,6.539093787099978794e-01
1.107079595594842658e+03,2.272741100027600680e+01,9.684409670640635737e-01
1.153143790918320292e+03,2.339801750725466434e+01,2.023801550928263193e+00
1.176805759452713573e+03,2.353966023577581979e+01,1.731313840779937108e+00
1.179266462054030853e+03,2.350540617179715852e+01,1.495352942826416731e+00
1.219236263271759526e+03,2.388349800007583568e+01,1.615330425986397866e+00
1.308394557986182008e+03,2.448334892944971486e+01,9.286727336592447424e-01
1.347253711803619581e+03,2.468961111823526267e+01,4.131968617015582268e-01
1.390558870228054957e+03,2.506057414579160181e+01,4.654524253537679623e-01
1.327136698998611791e+03,2.458849232332199719e+01,7.020639489307431980e-01
1.380456265161451029e+03,2.499217303132368784e+01,5.315796146509239595e-01
1.368637184499651767e+03,2.494014736045916436e+01,7.243990461330964692e-01
1.433727203039427650e+03,2.543407432793593514e+01,5.553638556593696318e-01
1.491636077633341529e+03,2.591747953814904548e+01,6.305538400325561010e-01
1.503089947951570821e+03,2.598127348311587781e+01,5.134749552595520017e-01
1.488023532149828270e+03,2.592442823133937679e+01,7.870207966664573007e-01
1.427637407679090074e+03,2.552342170700262614e+01,1.157292872278260942e+00
1.357015723024189128e+03,2.488834855964529424e+01,9.151319272233919833e-01
1.316342091183366392e+03,2.454982063502990286e+01,9.207275645396792996e-01
1.320880188286554585e+03,2.451347607415491225e+01,6.074953179421196392e-01
1.256079070273643083e+03,2.388319962491548765e+01,2.940979539047974267e-01
1.222599649122494611e+03,2.359845970741743315e+01,3.201515649713210232e-01
1.114277892868069102e+03,2.265889527363023603e+01,4.367645269277973252e-01
1.212913098987716239e+03,2.355352338761982978e+01,4.814926152393024239e-01
1.299915297423665379e+03,2.429426758237047679e+01,4.337076466729701263e-01
1.370842446720269663e+03,2.493486048029382118e+01,6.275222376926081758e-01
1.444281867287250634e+03,2.548715544908306541e+01,4.155308856394082095e-01
1.464399185052858229e+03,2.560971615063642304e+01,2.451267157900128002e-01
1.552496862872847487e+03,2.634519024394013798e+01,3.996797903009844388e-01
1.514448491257374599e+03,2.599920612981830459e+01,1.992744957666628403e-01
1.532539438615606286e+03,2.620103033175460538e+01,4.539950158915943002e-01
1.539455876276406343e+03,2.625523650808841936e+01,4.568683230747494495e-01
1.552091703533993268e+03,2.635418005582147316e+01,4.525918882422167444e-01
1.525549710807642214e+03,2.609473562436743777e+01,2.299290982822022877e-01
1.555482440624878791e+03,2.637092746354502282e+01,4.110470489996789767e-01
1.566706090532039752e+03,2.643692761074748887e+01,3.135225749479881863e-01
1.615522496090256709e+03,2.684054440263213692e+01,4.280436390991345652e-01
1.592714696541129797e+03,2.670057229613760796e+01,5.848397928649665678e-01
1.592306293569625950e+03,2.669420160177141099e+01,5.758026925162472720e-01
1.610761543606165105e+03,2.675990244443978128e+01,2.347456193270529290e-01
1.688383948278642038e+03,2.746791411359367530e+01,7.673549950594918956e-01
1.717862721458677925e+03,2.761255222007314458e+01,4.167827223102218981e-01
1.625447756022758085e+03,2.691118082894517016e+01,4.072528930824346749e-01
1.662260275418673473e+03,2.714988771709756676e+01,2.182734022382185057e-01
1.634314291647857317e+03,2.694985884497634743e+01,2.759847539175102615e-01
1.551920678584157258e+03,2.645336904750507401e+01,9.022276720709455633e-01
1.569444891392735144e+03,2.655655493369124542e+01,7.522178555551062296e-01
1.725258445892724239e+03,2.771793008406244851e+01,6.486710445546747250e-01
1.728730557531767545e+03,2.766663287694867179e+01,2.951294995912521202e-01
1.670564587140927642e+03,2.724792834748766168e+01,3.752476093161630222e-01
1.760541738835970136e+03,2.795578357982611806e+01,5.415068974744836616e-01
1.756757047801083445e+03,2.791317735600554073e+01,4.726651038976807384e-01
1.774902781655110175e+03,2.808036395805029883e+01,6.281089149224529100e-01
1.826501886461648837e+03,2.845063348542423398e+01,6.008545195916842330e-01
1.817502973267826746e+03,2.833972362804525602e+01,3.878835245626481854e-01
1.781197454347684470e+03,2.814345067779242626e+01,7.071729314541955747e-01
1.736335027251753672e+03,2.778325852560002929e+01,5.709725923030299910e-01
1.738527794546437917e+03,2.783912367569941892e+01,7.542569591568754062e-01
1.759263057750217286e+03,2.798920900360787556e+01,7.396933008225898831e-01
1.672602067161313244e+03,2.730100510554735038e+01,5.468475916708833706e-01
1.663715908784309704e+03,2.726107916248556151e+01,6.707156293133068603e-01
1.614180519159081996e+03,2.692722859863015827e+01,8.674418673217094700e-01
1.631127199922961154e+03,2.705548589836356044e+01,8.619687397356379233e-01
1.681232613131896642e+03,2.740286476081936229e+01,7.145835609745538886e-01
1.732070288281108333e+03,2.771196772039356304e+01,3.894578811033628241e-01
1.722969033942393253e+03,2.767744776957216857e+01,5.414164408462326383e-01
1.609040297133736885e+03,2.681898612957612826e+01,5.578992201269395990e-01
1.646861826036702041e+03,2.706869831791996717e+01,3.796891663871405087e-01
1.628536054099831972e+03,2.695797830322694111e+01,5.106936930267961250e-01
1.638823294160068826e+03,2.707724148855893986e+01,6.944244437911866186e-01
1.612040550302068368e+03,2.684206334954379969e+01,5.581613661776199109e-01
1.569574285821118337e+03,2.647335343200035496e+01,3.794784038175064711e-01
1.572337184267821840e+03,2.649396746426662119e+01,3.750572634853084342e-01
1.562361154481803396e+03,2.645650892385727460e+01,5.536001306792419641e-01
1.576955569800389640e+03,2.654098663440522188e+01,4.244627241692215391e-01
1.562097568435088078e+03,2.650340101674960991e+01,7.721783373307635756e-01
1.537947435818075519e+03,2.622408565758740906e+01,3.720468907252015844e-01
1.496414938522500506e+03,2.591328780942978227e+01,4.505823269381072915e-01
1.425254596224736815e+03,2.536593682836214825e+01,5.626310572089144868e-01
1.448759317495028199e+03,2.548000364348981606e+01,2.323000451574034064e-01
1.421611659607023284e+03,2.529387399402698833e+01,3.791559843978093980e-01
1.439709466021813114e+03,2.546767061989843839e+01,4.942322727501600732e-01
1.476943292399222855e+03,2.568880191856996476e+01,1.548790870894823091e-01
1.406027820843053632e+03,2.515573824073520726e+01,3.338587863932755972e-01
1.337025448070640095e+03,2.457333615477308086e+01,2.955276500853934452e-01
1.319438069595310481e+03,2.446902991210515665e+01,4.777253793460993769e-01
1.290029872298545797e+03,2.420915574068940046e+01,4.377329768308150237e-01
1.320093927311570496e+03,2.434058320629582539e+01,-7.416681692718131436e-02
1.362382025380300774e+03,2.481718594390235566e+01,4.296272948222363275e-01
1.306609877086629240e+03,2.438324959217277765e+01,5.740185605689301918e-01
1.315641588729082287e+03,2.442097972844331721e+01,4.117617117089004131e-01
1.250949518606675610e+03,2.383421172534070465e+01,2.775937787841464277e-01
1.111344473458034599e+03,2.257483777095357169e+01,2.178539476620635351e-01
1.182137833893185416e+03,2.324813820315784696e+01,3.497101030051433246e-01
1.137386555679712046e+03,2.295941270574523330e+01,8.007900851677952625e-01
1.188662477312381498e+03,2.332686429852970988e+01,4.347011905526071418e-01
1.181825915566673984e+03,2.325472916227395004e+01,3.876805033190166005e-01
1.165491402414212871e+03,2.312085153123304693e+01,4.367411151263212443e-01
1.139575390510315856e+03,2.286803427481949669e+01,3.564913494081361489e-01
1.144131847700289882e+03,2.291859206405950999e+01,3.971527470823316697e-01
1.211553550775635131e+03,2.355262664789002258e+01,5.304619785740314342e-01
1.209870864863870338e+03,2.348887083220958516e+01,3.337208985390052174e-01
1.207337002602765779e+03,2.348834546691270475e+01,4.221919773430035105e-01
1.190779218576670246e+03,2.328683076653473094e+01,2.010610069004600264e-01
1.179377218739982482e+03,2.320056365615935690e+01,2.586917189315221521e-01
1.099181169363903336e+03,2.254812005512696160e+01,5.504018499839312684e-01
1.104214468245963189e+03,2.252885800294744811e+01,2.922718361717305813e-01
1.053270828271647588e+03,2.213457290518069343e+01,5.937891457278619001e-01
1.033773494418441487e+03,2.185905980899966750e+01,2.465718375982904054e-01
1.095184289447995980e+03,2.245706592194862949e+01,3.386686033684204178e-01
1.132270588990072383e+03,2.278084483272158067e+01,2.721040530973681815e-01
1.101962987836121329e+03,2.243260113732790728e+01,-9.025185233041782508e-04
1.028099813516630775e+03,2.188438146793274086e+01,5.455108585511986297e-01
1.059312545548776825e+03,2.216139813206053688e+01,4.832277856499079816e-01
1.109368104985009268e+03,2.266206111075126373e+01,6.320964379744762329e-01
1.058541092197580383e+03,2.216868689465462339e+01,5.391548870921075709e-01
1.090205233200495286e+03,2.254916737665658388e+01,8.823519733990216052e-01
1.070522992243179260e+03,2.232204815117594876e+01,7.042367630378092436e-01
1.050084519654162932e+03,2.208076882352171566e+01,5.072029588318723858e-01
1.064357794540341729e+03,2.218543537997358328e+01,3.942676081256289988e-01
1.008144981597416859e+03,2.174154868114181482e+01,7.273234399117776139e-01
9.419539102455795501e+02,2.116508529100040903e+01,9.711756315109397741e-01
9.111724226256338852e+02,2.079755342603129264e+01,7.403921098687228364e-01
8.137639312597700609e+02,1.981676163215987074e+01,7.983802542002617075e-01
8.009063204764562443e+02,1.955030507411268914e+01,3.308957818384730687e-01
9.135208663297494240e+02,2.067530669995683112e+01,1.976455685456899591e-01
9.390506089645542716e+02,2.105518828781741902e+01,6.644365240645582205e-01
9.574941769169198551e+02,2.114316714343805259e+01,3.188718805720696103e-01
9.286664473864010461e+02,2.093602544650413222e+01,6.002400772464897560e-01
9.780967203655194453e+02,2.132083606151331168e+01,2.325014957425027284e-01
1.006124199305938532e+03,2.168794994550841082e+01,5.936557113216015535e-01
1.040278585288923978e+03,2.200257979717297729e+01,5.605149802227554767e-01
1.127498989811181900e+03,2.284502438983439632e+01,7.070479607049463544e-01
1.073231514909524321e+03,2.231467047330171027e+01,5.782319449651799337e-01
1.094529692012152964e+03,2.252322261432092176e+01,6.234519674299943137e-01
1.231950275192192976e+03,2.371257706111984831e+01,4.550522622615813528e-01
1.298902342303945716e+03,2.429070473463363200e+01,4.619158567509886737e-01
1.333167333126203630e+03,2.455602008649388068e+01,3.635495755666277029e-01
1.347050582983288450e+03,2.471548902941531267e+01,5.355495085292808488e-01
1.405614254722351234e+03,2.521037622588602289e+01,5.821566174753990408e-01
1.364519047287519925e+03,2.484962335071467976e+01,4.932440463905026218e-01
1.405340523196846334e+03,2.522586503127714863e+01,6.609993766345814148e-01
1.399156067562915496e+03,2.507096089322128307e+01,2.124596391175408161e-01
1.466640325709587842e+03,2.572567108522914836e+01,6.795548730540177385e-01
1.433053021294337441e+03,2.536730348888790232e+01,2.947152435245305457e-01
1.434601504758639066e+03,2.539205482714103468e+01,3.450259249347323309e-01
1.424179789340512798e+03,2.534374622809879085e+01,5.104933114931432536e-01
1.491751789903033114e+03,2.586507174814677867e+01,4.073131870278530742e-01
1.436837803721591627e+03,2.541198674167574723e+01,3.531600843027508096e-01
1.451725582965645799e+03,2.547950828666839840e+01,1.325112221863756767e-01
1.428888900270475460e+03,2.539104877634769153e+01,5.465322095119703460e-01
1.494787935453345426e+03,2.590607421475298011e+01,4.581783185093933342e-01
1.511512616308407132e+03,2.602065232755775170e+01,4.088955954298095774e-01
1.524078799405427617e+03,2.614670048565673355e+01,5.179683426617038844e-01
1.519908901596545547e+03,2.604242422646100508e+01,2.028088676313538619e-01
1.493493316258241521e+03,2.590958879940851389e+01,5.307425743409532881e-01
1.586431767333947391e+03,2.660916152878769481e+01,3.928442847487602640e-01
1.610489090014552630e+03,2.677545220112577340e+01,3.268023336640538679e-01
1.684108555101930961e+03,2.738541274178707496e+01,5.169704356031703529e-01
1.770308142196051676e+03,2.804951583060907083e+01,6.491265686249977351e-01
1.771225867773283426e+03,2.806441364722541820e+01,2.980583170453406927e-01
1.722498933663977596e+03,2.764459095188871629e+01,4.097949904050620651e-01
1.584657035347349392e+03,2.658886670612894321e+01,3.760587893878659105e-01
1.443022668134430887e+03,2.552438519552801210e+01,6.147073505113852532e-01
1.452902564318075065e+03,2.554518774855711882e+01,3.670669157322902776e-01
1.475445343956096394e+03,2.577572652712706613e+01,5.754189595535876833e-01
1.508831441744599942e+03,2.599736371701605719e+01,3.800990153512096570e-01
1.516355813157634202e+03,2.603623689500255622e+01,3.133539555315302261e-01
1.548314726773306120e+03,2.633581898836156654e+01,5.144787888977297996e-01
1.348368282592314017e+03,2.464283481491482064e+01,1.956954447049835677e-01
1.256518473283618960e+03,2.389222720734295535e+01,3.124551815216088380e-01
1.322867769027147006e+03,2.443847813211020537e+01,2.326975891747448955e-01
1.330543716229577512e+03,2.450653168277163019e+01,2.546956301164739478e-01
1.419681270600424114e+03,2.527246862912529579e+01,3.598040572749287014e-01
1.453129281273235620e+03,2.554998995227542480e+01,3.939475490467446717e-01
1.413557671106145563e+03,2.523417412358034539e+01,4.127925291138500596e-01
1.399134826737099274e+03,2.508405065258158828e+01,2.815196830091054037e-01
1.168863217733994361e+03,2.315493500370164170e+01,4.333572561750462793e-01
1.135779660872506838e+03,2.280887177054125559e+01,2.584489419661917253e-01
1.124476189151160952e+03,2.272844031470278381e+01,3.506222489207913573e-01
1.136306005433477139e+03,2.283032547383177757e+01,3.260100441032210972e-01
1.226021125565281181e+03,2.363451986351583400e+01,3.485012663865052485e-01
1.187615905072742407e+03,2.332888130923474890e+01,4.769689542543706917e-01
1.284200860906424396e+03,2.415089682436979501e+01,4.107899701120141245e-01
1.220504055447344399e+03,2.364244704976708533e+01,5.737867477476289446e-01
1.222823548920817984e+03,2.368289518794071569e+01,6.639644690390429371e-01
1.222703384369531705e+03,2.361106485215326600e+01,3.793416613812778948e-01
1.235930540546544762e+03,2.376433864281788289e+01,5.451492793524558289e-01
1.224268057863730974e+03,2.366936502434800005e+01,5.376241750334911362e-01
1.303131712676710777e+03,2.429076630091369537e+01,3.046088644298199366e-01
1.271275068218937804e+03,2.399895556466558588e+01,2.321900653611130572e-01
1.300711310265131260e+03,2.420767488707534909e+01,4.913376131377275580e-02
1.230230001781262672e+03,2.367280376078655024e+01,3.673517272334740347e-01
1.172712083619691384e+03,2.314476282690823083e+01,2.637676468637076832e-01
1.254871449017852456e+03,2.384601091598655387e+01,1.882128468613826211e-01
1.352897737880080740e+03,2.469779399443361356e+01,2.654789169185740039e-01
1.439098270783215185e+03,2.543398966710206111e+01,3.584294888607963414e-01
1.439750879541986478e+03,2.541303528429915204e+01,2.638986417440413734e-01
1.396403436664648780e+03,2.509974574297719130e+01,4.336532375684740703e-01
1.395303310051994231e+03,2.525147339121109624e+01,1.151136985306238092e+00
1.377311637664203772e+03,2.512470658424620140e+01,1.212648963071871755e+00
1.335462642425731246e+03,2.479922940872388892e+01,1.306797929830396665e+00
1.406480942223152397e+03,2.534671083706070860e+01,1.129987785817191837e+00
1.483162192864994267e+03,2.589526188085372027e+01,8.379573501298415161e-01
1.506598497728845132e+03,2.599345670647097606e+01,4.633958568320742377e-01
1.520886931353193859e+03,2.609900801069321830e+01,4.185106212999907815e-01
1.551836130411892327e+03,2.642304522142464762e+01,7.490329388008292177e-01
1.524453006631209973e+03,2.627640037181821597e+01,1.069247770633434680e+00
1.518765872740500299e+03,2.617037417603715355e+01,8.236506482730761025e-01
1.474647741220273247e+03,2.589020269809641306e+01,1.118817857377353064e+00
1.543378362626533544e+03,2.640201726476698596e+01,9.582627059005208725e-01
1.613655224808734602e+03,2.689447468013489129e+01,7.388444130100954022e-01
1.576371375616867226e+03,2.660915613095286147e+01,7.432554530189838804e-01
1.591916072951754813e+03,2.669155121648973150e+01,5.919567117479516138e-01
1.576562360129484887e+03,2.663819677851657630e+01,8.668397827320590832e-01
1.568834427197989271e+03,2.659907742200940817e+01,9.627231890901730704e-01
1.634030898061498647e+03,2.705635379907809579e+01,7.696462229596791049e-01
1.698575981282593602e+03,2.759471850949528360e+01,9.912070104669429282e-01
1.723647587695047150e+03,2.772595806602750201e+01,7.478828776270624035e-01
1.698555859610414018e+03,2.752872175318267978e+01,6.936326821673018950e-01
1.687111527150500251e+03,2.753340699476882847e+01,1.108326577321490092e+00
1.612458867529818463e+03,2.697349936403922754e+01,1.157493330044049529e+00
1.642154429137578745e+03,2.707933917249931355e+01,6.022822521708035559e-01
1.677386323697661737e+03,2.737972008175947281e+01,7.459699437110851594e-01
1.781502242235547101e+03,2.810209230824369442e+01,5.051898860365029442e-01
1.731555025218079209e+03,2.781933374251007507e+01,9.068411848773904049e-01
1.687572535883826276e+03,2.744048914970293751e+01,6.690128886692514598e-01
1.736349119663314013e+03,2.791650942838470328e+01,1.195878516954961723e+00
1.678664835338780449e+03,2.738414812747090821e+01,7.163474932576145981e-01
1.645854894221852192e+03,2.711435879660333370e+01,6.238240689405791795e-01
1.709413680749859623e+03,2.757453034946979642e+01,5.297945208973914299e-01
1.771300443992207420e+03,2.798929780122966449e+01,3.235608006958572425e-01
1.757678932402666533e+03,2.794053972224418558e+01,5.754882841824988660e-01
1.784995973966686279e+03,2.817446159050788168e+01,7.265281726418103547e-01
1.767886490258671756e+03,2.803504138493772047e+01,6.453928386158713781e-01
1.719425144225381473e+03,2.765175742480528598e+01,5.419914810670666272e-01
1.707248730608989263e+03,2.753782931033355297e+01,4.419109361523356760e-01
1.678305399941801397e+03,2.726837257884388421e+01,2.045694201143930802e-01
1.746840541377752061e+03,2.783807284490595890e+01,4.614328709663569339e-01
1.780665178230006859e+03,2.812390507089128633e+01,6.330417837638624423e-01
1.777794500200368020e+03,2.804968705175111765e+01,4.008872926833266237e-01
1.794901155639974149e+03,2.823854397844685238e+01,6.897977847791099126e-01
1.779039300074593939e+03,2.804743439871747057e+01,3.370978592419292541e-01
1.731832038247253649e+03,2.772486082586648592e+01,4.525674984572234383e-01
1.650469861461240725e+03,2.713499075215692002e+01,5.584220804142457917e-01
1.680208561476871409e+03,2.729719331927852721e+01,2.609868593726922259e-01
1.701462776514747475e+03,2.749458487869950574e+01,4.400345003273528621e-01
1.755173356799503154e+03,2.791703459101070806e+01,5.421528449638173264e-01
1.659497572283208910e+03,2.725907650943184635e+01,8.005089002553816835e-01
1.771822381053673553e+03,2.802510472351854887e+01,4.734375949785193938e-01
1.664865052913200998e+03,2.721710354594482695e+01,4.290645221520939523e-01
1.621413344291692056e+03,2.694256507967680747e+01,6.819025856499748572e-01
1.661352152011360204e+03,2.721841109580920559e+01,5.593607275660791300e-01
1.681458996096839655e+03,2.737665675955167899e+01,5.911426423267669428e-01
1.682216444740802444e+03,2.735445800534725080e+01,4.465149320385907727e-01
1.682980567110262427e+03,2.734561407016561319e+01,3.938353365900137959e-01
1.679794451278791030e+03,2.729194824634525673e+01,2.562044500051784413e-01
1.632482879329527577e+03,2.690462607302796627e+01,1.397739775863647282e-01
1.620741854475017590e+03,2.688506899707194009e+01,4.504007224064611181e-01
1.668597015951487947e+03,2.729424749168650877e+01,6.599431122580953213e-01
1.673763317896600711e+03,2.736435038221254246e+01,7.888618082257408126e-01
1.731464988480588318e+03,2.777722400813383885e+01,7.130437995649515637e-01
1.691294430145141632e+03,2.746233959691820559e+01,6.393900872205001695e-01
1.635912899354301317e+03,2.697419031145567203e+01,3.263865114032252768e-01
1.578305085023057927e+03,2.655585338405325047e+01,4.378188847826011698e-01
1.603356467232321165e+03,2.672042068818273108e+01,3.049369957434913125e-01
1.643326587209629679e+03,2.703543539316133959e+01,3.420826529029050156e-01
1.675086124264560112e+03,2.726416426301060625e+01,2.887972728376291820e-01
1.642241646146870835e+03,2.708857459130332046e+01,6.345220861776849075e-01
1.579766293391608087e+03,2.657946089311936788e+01,5.032906960075648195e-01
1.567820759843658834e+03,2.648008933739412285e+01,4.665867522955040592e-01
1.643402814224228450e+03,2.711146796233078149e+01,6.866859822218073228e-01
1.650114486570714917e+03,2.716568126422138363e+01,7.016314832715263572e-01
1.643001574893288989e+03,2.703386569355929581e+01,3.518511017306746869e-01
1.467277975335462543e+03,2.572062672700387864e+01,6.213394600893826780e-01
1.066811549589107017e+03,2.217367241028089708e+01,2.569578882418387944e-01
6.237654876068750127e+02,1.756329424943693951e+01,3.415804592474405710e-01
4.282902905056095619e+02,1.507245067491480128e+01,4.071749197628782291e-01
4.378917881850531444e+02,1.518859192050583751e+01,3.614120992994284132e-01
6.988712047027589733e+02,1.832709911569759953e+01,-2.050935718895611701e-02
9.120296210418480314e+02,2.067684199890824104e+01,2.614840987496333535e-01
9.235378071035148650e+02,2.077052388733316945e+01,1.746020555235602290e-01
7.406708267402913179e+02,1.888712669666963961e+01,2.954069470262605801e-01
7.187224333474493960e+02,1.874306974677210036e+01,6.300811578264008395e-01
8.134651749896642059e+02,1.967326632254856378e+01,2.999730507841362193e-01
8.582267596870688067e+02,2.012836526189310860e+01,2.506064430082641792e-01
9.220448860826217015e+02,2.079800651802281664e+01,3.294661307161505515e-01
9.118044851465687088e+02,2.068168225754570244e+01,2.804073853320039889e-01
9.190418777457388160e+02,2.075602317240227279e+01,2.893850739461456545e-01
9.387303593690656953e+02,2.094953018193994154e+01,2.804490370940372901e-01
9.102881399552717312e+02,2.063367708993257565e+01,1.613394209395351553e-01
1.061587406507315109e+03,2.211010608120792043e+01,1.970634923824480245e-01
1.144840024443015636e+03,2.294066074468824823e+01,4.560479258570240280e-01
1.172560669026267533e+03,2.312948622332504911e+01,2.134439956649361037e-01
1.094337507667165710e+03,2.247343207881240446e+01,4.263145054008026236e-01
1.055970226019773918e+03,2.212904982746670512e+01,4.767784929349452305e-01
1.001156227779832079e+03,2.157481306226259932e+01,3.428733071700832413e-01
9.223460146312343113e+02,2.081993859814692982e+01,4.025038972144001637e-01
1.014705714740120925e+03,2.182346632367083927e+01,7.956403110101326615e-01
1.117497831867802688e+03,2.280086693280248866e+01,8.874713409760827121e-01
1.084384456314942781e+03,2.248743052643975915e+01,8.444596063973011102e-01
1.058169817844330510e+03,2.223176370409251845e+01,7.979966367181025033e-01
9.914297021477561884e+02,2.152651520433232335e+01,5.113825562402128933e-01
1.011811580052311569e+03,2.169885333845946107e+01,4.274628816916991592e-01
9.977600034331471761e+02,2.155969910042153259e+01,4.057703121346741271e-01
9.793308088726589631e+02,2.143900766790387991e+01,6.243789814870442934e-01
9.735229530913613871e+02,2.136920008894977130e+01,5.749603286160767102e-01
9.239555513611919650e+02,2.090404933942402721e+01,6.505499737397382187e-01
9.495673364063836743e+02,2.115122506080492926e+01,6.383266545862482655e-01
1.027082114241635963e+03,2.195001711154141688e+01,8.340564589571436427e-01
9.554819777399899294e+02,2.115452929164465345e+01,4.291412425975102418e-01
9.596163934909438922e+02,2.122452453468972777e+01,5.406093629192101346e-01
9.831295849113253098e+02,2.142001191486479073e+01,4.142664415877035378e-01
9.533521482816737489e+02,2.114984876553775806e+01,4.912627873094604913e-01
9.113924203170535066e+02,2.065042645494328966e+01,1.812172514898093556e-01
8.476938307824813137e+02,2.019191120081073620e+01,8.760403917987215072e-01
7.729378385605664334e+02,1.934048007614020648e+01,6.468872661087633480e-01
7.721598683518251391e+02,1.927096115917754560e+01,4.314694930582660404e-01
7.678137827026151854e+02,1.933603168146053264e+01,8.321062572730245632e-01
7.228687124427033268e+02,1.878909269548364946e+01,6.334734270294299918e-01
7.459581170945217536e+02,1.907487281652428024e+01,7.453169679636267864e-01
7.417545673111933411e+02,1.895043076905878721e+01,4.699809938382582541e-01
7.345886586029457703e+02,1.890385050382579024e+01,5.826200751195844685e-01
6.919142684252398112e+02,1.842480032455078387e+01,5.742619136335903596e-01
7.485210516167700234e+02,1.896771749806013929e+01,2.727033505267876801e-01
7.248102393996390447e+02,1.866844330740469005e+01,1.500671599180370408e-01
7.712922662474860545e+02,1.924949044988216329e+01,3.909223248105350157e-01
7.588087765036327710e+02,1.917089779159105234e+01,5.932112055997931233e-01
6.594757100265054532e+02,1.816695938567190893e+01,9.555626751788007800e-01
6.742077284261159775e+02,1.820992307292665302e+01,5.316315643113888045e-01
6.212525333722667256e+02,1.766242293361151283e+01,7.626124863041618962e-01
5.990357067265691740e+02,1.732636576015990215e+01,5.340277747559433186e-01
6.334496371778461707e+02,1.768776404534971292e+01,3.732350974432050439e-01
6.354879077422381215e+02,1.771066398629464089e+01,3.684057791462839182e-01
6.609143800554101063e+02,1.811323029106213411e+01,7.216666595789780203e-01
6.956320953882119511e+02,1.842254470413213951e+01,4.265597077980657903e-01
6.889000190308443052e+02,1.833015538461931726e+01,3.709900189011317573e-01
6.704223896511159637e+02,1.807470600699631547e+01,2.263641800721425401e-01
6.661738091182245398e+02,1.806218710562667340e+01,3.466045549334201836e-01
6.592163027590769389e+02,1.798725491604727011e+01,3.659931757904780758e-01
6.264783861698070950e+02,1.769553351312451284e+01,6.691764983121538668e-01
5.667452085530095474e+02,1.695031110522885953e+01,5.922369521860875174e-01
5.146303221903572194e+02,1.632850517432082782e+01,7.024470368077296856e-01
5.036668354051752772e+02,1.615334250009496486e+01,5.980906915955759295e-01
5.668409409329325399e+02,1.688303434634113387e+01,3.749623515632539705e-01
5.630885270388001800e+02,1.681674942113007987e+01,3.132749337813785506e-01
6.024498522659854416e+02,1.729013686271834516e+01,2.839271718667888411e-01
5.690165332918627428e+02,1.682883733004566551e+01,1.206215522480586222e-01
4.961923440805628616e+02,1.588733786185641250e+01,9.091388185145887757e-02
4.686781222065604311e+02,1.554214016908293594e+01,1.559094082057752850e-01
5.189100149677789204e+02,1.624078667483149729e+01,2.628832590488481280e-01
5.750338197601996626e+02,1.694335898683685571e+01,2.460486704839785488e-01
5.553839699235403486e+02,1.665774749881490280e+01,1.179018622280007950e-01
5.214054245093727786e+02,1.632200815004043548e+01,4.133433179627588605e-01
4.556486516519983070e+02,1.537014830203821703e+01,1.704939250644616211e-01
4.619582637696200891e+02,1.549204102105251302e+01,2.755967272630738263e-01
5.271117945140605343e+02,1.628956382277192816e+01,9.004345848900864591e-02
4.889920804810066102e+02,1.591246770225605545e+01,4.505704320436086374e-01
4.834659657200999732e+02,1.584252006357894871e+01,4.607819565749645130e-01
4.712761789618001558e+02,1.562018412217861929e+01,2.823607277645011071e-01
4.301321417374441580e+02,1.510464681125671760e+01,4.220922057113338788e-01
3.820992180173079760e+02,1.440726809756721316e+01,3.912496417044381558e-01
3.872625002922782187e+02,1.447786952897854285e+01,3.769477404857018432e-01
4.078568456120116252e+02,1.472906789770414804e+01,2.483376852949212288e-01
4.358049413329508184e+02,1.506966327013978812e+01,9.274383364833459209e-02
4.616089092492146051e+02,1.542802612139306184e+01,1.011248690329546868e-01
4.301677376259077050e+02,1.497834453704605373e+01,5.699223121046972929e-02
3.701336147852821910e+02,1.415273502844678433e+01,1.778152796920838552e-01
3.757550111222209352e+02,1.413376449829818604e+01,-1.043124308523419724e-01
3.326803181050619855e+02,1.360819635696740093e+01,2.461102110161213219e-01
3.086270780648922027e+02,1.314773973821762354e+01,3.764751542806563100e-02
3.117436233165788053e+02,1.319254156190272909e+01,2.359191063983079664e-02
3.355692133336336269e+02,1.363712691618648698e+01,2.013097101022633117e-01
3.388448768093427361e+02,1.363486953490053999e+01,6.082084591984922989e-02
3.677223886386433946e+02,1.410712308098072931e+01,1.495108785257956707e-01
3.514256420593569601e+02,1.379737718110650846e+01,-2.214905386701644663e-02
3.111456746204366937e+02,1.331008449205676847e+01,3.538410594915837315e-01
3.194997556224726054e+02,1.331117420499924719e+01,9.209993619278433741e-03
2.772701502377287284e+02,1.268088939841836549e+01,1.604974670320156449e-01
2.656558253589720948e+02,1.253359182210322942e+01,2.802473831673784055e-01
2.722001482091636717e+02,1.262739344974888844e+01,2.414683317692498665e-01
2.677521550164192945e+02,1.254514624835860914e+01,2.247773962445132612e-01
3.076302878196779034e+02,1.323865656991424977e+01,3.113683103047290568e-01
3.409859828383151807e+02,1.362653609075490202e+01,-4.705192479257089277e-02
3.057674144665096492e+02,1.313808546241356900e+01,1.315387889410274957e-01
2.778957998998901644e+02,1.263355208777508132e+01,1.447356817515422014e-02
2.346137008702569631e+02,1.199299717524640485e+01,2.807777133270649705e-01
2.271709274580062186e+02,1.179719609569690242e+01,1.351430965448940369e-01
2.177406316338663430e+02,1.163708001319720431e+01,1.601792199257309202e-01
2.099252061682985868e+02,1.146586248457190926e+01,1.038145602912421972e-01
2.193609898816469581e+02,1.174184260262072854e+01,3.361291014046385861e-01
2.314016455572254927e+02,1.188440180576408878e+01,1.563454885893490742e-01
2.327267348292429290e+02,1.191292612793390049e+01,1.709678616985816357e-01
2.360647524937836579e+02,1.190658066278618854e+01,1.246159059543289205e-02
2.219624845311914214e+02,1.171483540140103763e+01,1.630960023599342945e-01
2.227328030059854882e+02,1.169819010732786602e+01,9.429074529555474260e-02
