# Resampled ADU, ADU Uncertainty, Sky ADU
nan,nan,nan
4.072463617026582383e-02,6.147567322211271446e+00,-1.662839204071171360e-03
2.173373068237403893e-02,6.147036053318055693e+00,2.922964328308897894e-02
1.160950997883484354e-02,6.147291278463180575e+00,1.334913936484150576e-01
9.272619618087294194e-03,6.147490224155751193e+00,1.789211120774716612e-01
4.952429381369415594e-03,6.147743677591629208e+00,2.447726639391070436e-01
3.077266289183065457e-03,6.146349416873922777e+00,3.509776696262432993e-02
2.934493034462090991e-02,6.147642874902920163e+00,7.946723618528109268e-02
1.780661806374218142e-02,6.146736575595530105e+00,7.071174323607156212e-03
4.138432293814409135e-02,6.147704806916334697e+00,1.225882992119831615e-02
3.535569337689756231e-02,6.147726709143964463e+00,5.204703324769277550e-02
3.032205610807810550e-02,6.148265932776190823e+00,1.726591343875319984e-01
4.478729371573528933e-02,6.147382336298562677e+00,-5.531244883330491136e-02
2.768137749370509076e-02,6.146721644828573083e+00,-5.917378273159551449e-02
4.278219424242549890e-02,6.148163310176291141e+00,8.357918959727622665e-02
6.138772180678618573e-02,6.148105404973180477e+00,-4.134304414869757749e-02
2.270799878451538328e-02,6.146813830642778420e+00,-4.794124567860134217e-02
2.846371076477003867e-02,6.146587223195067118e+00,-1.066216816969570574e-01
2.700253076213331854e-02,6.146985403993183716e+00,-1.435224827261334483e-02
4.307827882697548572e-02,6.148424815571182478e+00,1.203162122309322929e-01
4.637995692427834132e-02,6.147837029945307563e+00,3.871440367518038002e-03
2.051759777263513496e-02,6.147489841638389407e+00,1.085517028345483886e-01
4.622520846978923209e-02,6.148059983132298179e+00,4.318350654032092339e-02
1.481630083220605333e-02,6.147449848312278142e+00,1.375294015845584250e-01
8.248486454491012199e-02,6.149475290551297491e+00,4.104652065016486245e-02
1.723597383676821193e-02,6.147070596834576683e+00,5.521440804333807573e-02
4.052440002971872263e-02,6.147625987137513626e+00,3.024660096910995917e-03
1.839255309286200180e-02,6.146409964615068944e+00,-9.526222733451811253e-02
4.431117413092221929e-03,6.146364937634981374e+00,-7.653529674100351121e-02
1.302258768803065195e-02,6.147035444954584982e+00,7.153177480197958626e-02
1.319400785976510351e-02,6.147357549917457753e+00,1.261906190699059183e-01
8.324822184552700330e-03,6.146413730902172468e+00,1.020414783574219442e-02
9.169732179549366924e-02,6.148904745355568302e+00,-1.050586574613304042e-01
7.746280278880762760e-02,6.149344176647005611e+00,5.776972137954278913e-02
4.164858800560349017e-02,6.148683781051608399e+00,1.668112523792933122e-01
7.164961411204007983e-04,6.147738547514180141e+00,2.663247351212760794e-01
2.195169121079994234e-02,6.147594554282271417e+00,1.148155864727342518e-01
1.844390261502721132e-02,6.146791430377895438e+00,8.122887347068631289e-03
6.497017794419286327e-03,6.147210280175188224e+00,1.475620599490189977e-01
5.792316265617939580e-03,6.146310240631399857e+00,-1.696823773033278443e-02
1.719305477324654940e-02,6.147478756590718518e+00,1.233791435163412581e-01
4.815882661267101295e-02,6.147996646204942905e+00,2.299255989247636286e-02
6.577931800905439941e-02,6.148286041385669698e+00,-3.676784051219448429e-02
2.620476390714988543e-02,6.147970500862751209e+00,1.508947875208657974e-01
2.187553846989589990e-02,6.147480553284569993e+00,9.039404060729476498e-02
4.954134187717247617e-02,6.147685530926036535e+00,-3.481855467610208560e-02
1.272445713600855455e-01,6.149955507127571330e+00,-1.504454588329666997e-01
4.259154568094007665e-02,6.148645151220520688e+00,1.615217915802483195e-01
7.043385656784932614e-02,6.148471555776271025e+00,-3.831390880396415288e-02
3.306133709781415575e-02,6.146965388884265025e+00,-5.318328716669317585e-02
2.440351576443408957e-02,6.147172907862904268e+00,3.126099143262031643e-02
2.627405865019078260e-02,6.147374786288278159e+00,6.128261456466182339e-02
1.376976739890764002e-02,6.146250781050541789e+00,-5.794508626814441621e-02
4.599795831628955556e-02,6.147815310043323933e+00,-4.273077452587693359e-04
1.003905468457788087e-02,6.146789376930532178e+00,6.250270900422644216e-02
1.808756652495745881e-02,6.147510432178255435e+00,1.222848945683280841e-01
2.419836288786322495e-02,6.148006317360890982e+00,1.654550083718913378e-01
5.090025922257420364e-03,6.147352948022703600e+00,1.796897359742994360e-01
5.344693884966167374e-02,6.148574979299670673e+00,8.229076380391789347e-02
7.294431943030529886e-02,6.148204520277261054e+00,-9.029921606183820282e-02
6.131479355494937056e-02,6.148283649543847318e+00,-9.343287553512260799e-03
6.113222571906355707e-02,6.148193726817333449e+00,-2.965710235599296196e-02
4.069586863956470291e-02,6.148682318634151045e+00,1.757770161011911469e-01
7.007332624582750247e-02,6.148638163663741274e+00,-1.073461091805571165e-02
9.769512730747369200e-02,6.149587365206531153e+00,-3.183182294115113192e-02
2.188073338027893278e-02,6.148128230995397736e+00,1.990795034043114642e-01
5.079328651397229527e-02,6.148063823518820747e+00,1.336362653243817339e-02
3.033773982795590074e-02,6.147523589946521483e+00,5.364485349916543744e-02
4.846827484333844464e-04,6.146559870156728778e+00,8.390336812482267204e-02
3.056058141229324801e-02,6.147352247503397038e+00,2.404343916897169059e-02
3.909475224913682573e-02,6.146834765534141987e+00,-1.136973020365175946e-01
4.729228689071229147e-02,6.148024708160625629e+00,3.639457145005681182e-02
3.767036477602593580e-02,6.148600622290549822e+00,1.851162897088174109e-01
5.096212635288325382e-02,6.147892576174582402e+00,-8.187080401485804029e-03
1.962196249667559622e-02,6.147598273997362917e+00,1.307448220522891280e-01
2.258010714976160446e-02,6.147895872924796556e+00,1.592641712671008791e-01
5.534838595256275084e-02,6.148139736064823779e+00,-1.753445221406964771e-03
5.650063272291746402e-02,6.148275759467769497e+00,1.747214427444818835e-02
5.344788097430997788e-03,6.147807942454744712e+00,2.541551943971503968e-01
1.906517433430166344e-02,6.147340216410463576e+00,9.718878690443806534e-02
2.611126645205909258e-02,6.147359615396246646e+00,5.822018827813996850e-02
6.535256500253597278e-02,6.148084883739624473e+00,-6.085513190659117000e-02
3.804648660750131750e-02,6.147254726298505112e+00,-2.469217276643755413e-02
2.187746550279775007e-02,6.147991325122299067e+00,1.830850617389369328e-01
2.308852763985198148e-02,6.147306795572244908e+00,6.348066374525011824e-02
2.607212937934429153e-02,6.147979815403819437e+00,1.560663684519644212e-01
3.645249260900650188e-03,6.147481261785498141e+00,2.135012653748941946e-01
3.691429520657687341e-02,6.147782760095140908e+00,5.695484912639111469e-02
8.572396951849256541e-02,6.148959152554377638e+00,-5.098038289958841535e-02
5.018092331950855731e-03,6.146681140419745226e+00,5.092882819765515157e-02
2.584351895159012202e-02,6.148246797789110651e+00,1.968462222776951598e-01
5.610457419156864717e-02,6.147935318245068892e+00,-2.604375229653353024e-02
2.861998031181130914e-02,6.147354305531331775e+00,4.268560721837972444e-02
9.943249058943753882e-03,6.147451506868065074e+00,1.695235573565911369e-01
5.381322675582388658e-03,6.146720501893413235e+00,8.658390617464713224e-02
5.833324014919948064e-03,6.147496024426432726e+00,2.064274621490687356e-01
1.240745377242175214e-02,6.146401367271350225e+00,-7.176517520501541486e-03
2.912552190124037543e-02,6.148448774064678268e+00,2.165398223373419251e-01
6.747451561548553634e-02,6.149243203814088510e+00,1.013365262553877350e-01
1.620999125382471123e-02,6.147427116402323755e+00,1.224942798518369458e-01
2.482260739672666194e-02,6.147680016993594343e+00,1.153490421387778492e-01
7.232485094851275054e-02,6.148652366572546768e+00,-2.430797535697699213e-02
5.870127244928571159e-02,6.148102345015587389e+00,-2.635080553810414949e-02
7.516420844808868740e-02,6.148570264669915630e+00,-5.144362827032068070e-02
6.485784328278512700e-02,6.148472138995451530e+00,-3.128327408108417911e-03
8.555560504402452693e-02,6.149035210314787392e+00,-3.197536715712051558e-02
3.464074167396179876e-02,6.147625171702464364e+00,5.035071460485903566e-02
2.898332175552421897e-02,6.146472328681467090e+00,-1.118058441015583881e-01
3.430263319919214099e-02,6.147456768745192868e+00,2.315327483048124774e-02
8.230926413087835680e-02,6.149520628108911424e+00,6.504014275547892465e-02
4.542951785092690098e-02,6.149235634108293880e+00,2.389605069589591235e-01
3.293265248697403030e-02,6.148088508454615742e+00,1.296215239918174222e-01
2.882185435102675372e-02,6.147715426261875393e+00,9.701370098461330194e-02
2.099681575915364473e-02,6.148064844723774236e+00,2.011807265493966157e-01
1.004893820201204074e-01,6.149291164703353019e+00,-7.644258136548091886e-02
1.961920334647254127e-01,6.152971164496466194e+00,-7.907786285375001389e-02
5.900776128554872935e-02,6.149091633412943736e+00,1.337736408973366486e-01
1.081326913774363768e-01,6.150573516086879522e+00,7.099585926315581108e-02
2.493394266109573432e-02,6.148098874346101361e+00,1.833156817993810694e-01
2.042462210853406360e-02,6.148053272804040681e+00,1.978876829638618884e-01
1.225867031772567665e-02,6.147371809666547726e+00,1.363112482260590286e-01
9.785336241149782122e-02,6.148892077606356921e+00,-1.381131627589609057e-01
7.082590509329513007e-02,6.148617839690734499e+00,-1.461411364077310621e-02
7.731901306838183385e-02,6.149003735838442175e+00,1.309819088616980334e-02
4.521407410050161391e-02,6.146887656476969219e+00,-1.413519488534367430e-01
1.163133877603762523e-01,6.150593406371177352e+00,1.715691680412334899e-02
8.191015626029458929e-02,6.149513846590160426e+00,6.798051903378742045e-02
5.369253285938994924e-02,6.149035158950147739e+00,1.604664460287353600e-01
9.105987557926911724e-02,6.150827628464416996e+00,2.139090440127017489e-01
1.077559654113047632e-01,6.149804200405672994e+00,-4.456191956586474934e-02
1.373689529582997337e-01,6.151227647901313489e+00,1.524781246121001627e-03
8.199356800024211467e-02,6.149841873797946334e+00,1.206317613118717685e-01
5.803059844751174562e-03,6.147758463638400173e+00,2.517799748376923219e-01
5.358696571757440991e-02,6.148922541340438030e+00,1.435089974068678442e-01
1.907465339668578883e-02,6.147905598287079165e+00,1.914994045757238139e-01
6.523736918965111764e-02,6.148588968473733374e+00,1.196632695012492253e-02
2.058979564273700699e-02,6.148868205804044251e+00,3.289920371390652742e-01
1.629020158393716111e-01,6.152241303578392717e+00,1.648817142494727944e-03
1.396782720158883662e-01,6.151205256230747764e+00,-1.127964162314403461e-02
1.600536662891388351e-01,6.152428015788540705e+00,5.599987768946156075e-02
1.737033906943840633e-01,6.153206538519137681e+00,9.564134356086451128e-02
1.633273617377650200e-01,6.152464574127526120e+00,3.770676652858978573e-02
8.604703037594872705e-02,6.149545875115236093e+00,3.966446188389242261e-02
1.244923930852620125e-01,6.150879294044286461e+00,2.815616427395863444e-02
1.914442039612184732e-01,6.153065085110411836e+00,-4.181483027653775525e-02
1.743808513043215436e-01,6.153484839255731309e+00,1.290373270597662270e-01
1.381742405234102633e-01,6.150698387795747735e+00,-9.590591205924318963e-02
1.608642262384630539e-01,6.150763944234103775e+00,-2.111475952716047877e-01
9.344642230690405893e-02,6.150247930927921658e+00,1.126378589445165834e-01
1.191277692342128242e-01,6.151004339108164132e+00,8.441401833317327408e-02
6.933699361242555426e-02,6.149922359187922183e+00,2.102138270076708837e-01
1.443294739816824990e-01,6.152704290939379206e+00,1.965440646093845056e-01
1.278543820260814867e-01,6.151448938952825074e+00,1.022847837266491755e-01
1.526949685369627663e-01,6.151907544195847954e+00,1.647062010196851875e-02
1.344939231306919447e-01,6.151716500597533610e+00,9.067554368523436659e-02
1.041571222788046647e-01,6.149954879390810092e+00,-5.366645355668070265e-03
1.282382763813680604e-01,6.150993509541974547e+00,2.254450951461559396e-02
1.073971197830134033e-01,6.150109997532500650e+00,1.410088972401212642e-02
1.248377643949439841e-01,6.150942820177832893e+00,2.565454878512496775e-02
7.805457556863716617e-02,6.149408749259247742e+00,6.918746342459740351e-02
7.028038865084837439e-02,6.149794989075139995e+00,1.814970244605993155e-01
1.731873874270104807e-01,6.153023450482431933e+00,6.864875083331188621e-02
2.106717280636955514e-01,6.154280653073150198e+00,3.981983126227540276e-02
1.863938618981932083e-01,6.152980490768534594e+00,-1.823920395117135246e-02
1.816699923715964782e-01,6.152464682388340655e+00,-7.043297707428901322e-02
1.193599051200367328e-01,6.151213498987559980e+00,1.213350488778179720e-01
1.335250768133034449e-01,6.152333888201012790e+00,2.107367128045717353e-01
1.061351717872199840e-01,6.150958879400346468e+00,1.465455173599679306e-01
1.562375302506019692e-01,6.152794021395472157e+00,1.351075704426216717e-01
1.850217988976783912e-01,6.153438465169855931e+00,6.283508875612638100e-02
1.770754342384653623e-01,6.153348013619132750e+00,1.052517120767500480e-01
1.920287276315683356e-01,6.153317503420078438e+00,1.407364576877855088e-03
3.431794324547101649e-01,6.158366178794008938e+00,-1.249183432370032376e-01
2.207746890061694778e-01,6.155057268436640250e+00,1.136086621229360910e-01
1.449619669884977535e-01,6.151302274187758101e+00,-2.839643858231333598e-02
1.734087896726768108e-01,6.152359802435908520e+00,-3.673100846511542089e-02
2.261936872106956320e-01,6.154622487211155679e+00,1.270340968491212238e-02
2.302175645292375006e-01,6.155601307954881918e+00,1.423136014183828957e-01
2.247552628350074078e-01,6.155128869212902032e+00,8.924791575834453705e-02
2.077393462096681076e-01,6.154533327941282828e+00,9.889280497316378649e-02
2.604918865723907517e-01,6.156574312651088121e+00,1.045636646237309009e-01
2.125952751409833641e-01,6.155717398858721268e+00,2.642889123456464429e-01
2.572591063444517601e-01,6.155324840990267887e+00,-6.672278001052582563e-02
3.096701746816630241e-01,6.157165012859207032e+00,-9.248507045612798516e-02
3.223442710752185691e-01,6.158395863983976426e+00,1.940816244857736586e-02
2.957304661808062840e-01,6.157825506453729503e+00,9.623303156714230200e-02
3.393639399773306642e-01,6.160003640247428969e+00,1.699826183687914716e-01
2.329283882149246476e-01,6.155708739926513573e+00,1.343196923752673633e-01
2.927249818206497656e-01,6.157157448527758703e+00,8.540777873141553247e-03
2.494645844518162403e-01,6.155725549421540599e+00,4.144930089489261282e-02
2.452092937176373610e-01,6.156777998746211900e+00,2.289926310055069580e-01
2.565871192658543132e-01,6.157059941581619178e+00,2.065103346669141526e-01
2.604017161299942429e-01,6.157509563151299936e+00,2.493292214335292023e-01
3.032202121883552648e-01,6.159213312239441684e+00,2.564949906834489979e-01
3.451651753577509307e-01,6.159907479344867376e+00,1.169992608912135551e-01
3.657150664127341022e-01,6.160270715987542722e+00,4.971981781905131931e-02
3.773710133119762555e-01,6.161628161956606675e+00,1.956859424935955549e-01
4.307702013759507897e-01,6.163600108212108353e+00,1.934787423632322589e-01
3.283539157025272548e-01,6.160396606125311258e+00,3.179969173730278209e-01
2.557333393412424827e-01,6.156728075593407290e+00,1.475855919786199233e-01
5.785157965304802419e-01,6.166815480564426188e+00,-1.950346794480799506e-01
4.192070547501062783e-01,6.162477935287789421e+00,8.509596115912670955e-02
4.511596082346716052e-01,6.163874522243822263e+00,1.093410989601189681e-01
3.979176868601315142e-01,6.162409445803562313e+00,1.934541046116311780e-01
4.539817817962940039e-01,6.164395522539375172e+00,1.586943716204853583e-01
4.640106032141496639e-01,6.164227268975869478e+00,7.402854027141224369e-02
5.460555058076300705e-01,6.167394281223389285e+00,8.841671452917770901e-02
5.645607018576008773e-01,6.167607178985357486e+00,1.363631325183575424e-02
5.651423699720481419e-01,6.167619657115035459e+00,1.412892330071667535e-02
4.868147807203680455e-01,6.165153637929462249e+00,9.472136939191816429e-02
4.832277742318987768e-01,6.164916774810898836e+00,8.565614016710955403e-02
5.656576509906501293e-01,6.169508088290292847e+00,3.209697092524873008e-01
5.994497946611854200e-01,6.169984460308231888e+00,1.767473215054842228e-01
5.673719898220658253e-01,6.168779553173082242e+00,1.968223728787967253e-01
4.483716118820860741e-01,6.165338498768911712e+00,3.597280923507565342e-01
5.529699019548515171e-01,6.168785415922564574e+00,2.699838231084931151e-01
6.363638708371416319e-01,6.171625705710356513e+00,2.128271830269003462e-01
6.803101884809285016e-01,6.172325572969780794e+00,5.678354947815229814e-02
7.071397435404248588e-01,6.173703370978273597e+00,1.062835091875423132e-01
7.261209360174069039e-01,6.173964255535805634e+00,5.070266791690382358e-02
7.067407046172456964e-01,6.174291975874496963e+00,2.217313867784897752e-01
7.251637953133440728e-01,6.174910734136545898e+00,2.061961714478527663e-01
7.942496253499157222e-01,6.176353553270181429e+00,1.372798952440204903e-02
8.556051483722602047e-01,6.179285157141690910e+00,1.089403881931600426e-01
8.476769989908604641e-01,6.179180544833224431e+00,1.445356029204964143e-01
7.417548724307657659e-01,6.175151203307518877e+00,1.462809555098157077e-01
7.319841627497221115e-01,6.174254665973556655e+00,6.152756055340432434e-02
8.906814597123956512e-01,6.180809664892990440e+00,1.368173422199570333e-01
8.665564515775501242e-01,6.179701759885412038e+00,9.923082987396322774e-02
8.545191776679603723e-01,6.179607649899128141e+00,1.654640809735142548e-01
8.137409873177715580e-01,6.177508942660748126e+00,7.857881385671677821e-02
9.052852404932224539e-01,6.180851743878341686e+00,5.528072073908112810e-02
9.667841536989896234e-01,6.184062351197679774e+00,2.024261360914822727e-01
9.975876022710703506e-01,6.184933396588458976e+00,1.487153173158944908e-01
1.184546361026356465e+00,6.191673186563803277e+00,8.644164323394958049e-02
1.066949895862150832e+00,6.186704749601737774e+00,1.947950075727625881e-04
1.187417982607980038e+00,6.191996194080843452e+00,1.259205822348840598e-01
1.130183411478004496e+00,6.189702144190063038e+00,9.774374972075072776e-02
1.033047484270044336e+00,6.186309149310042166e+00,1.538657479907637182e-01
1.069971717922129750e+00,6.187993794184571072e+00,1.943829323301926870e-01
1.065731648942658261e+00,6.188420311380598449e+00,2.928985284675444944e-01
1.177039048232352503e+00,6.192470187400606285e+00,2.598157851496402659e-01
1.268902779667075320e+00,6.196132762892398560e+00,2.884572878859789080e-01
1.312846146032698780e+00,6.197310267235651260e+00,2.130487794164696580e-01
1.282579914296182011e+00,6.196642715082290920e+00,2.892700908536511295e-01
1.408708646948049870e+00,6.200955730962699697e+00,2.135851597101711685e-01
1.417072317482505506e+00,6.201200937365482169e+00,2.034545994552647563e-01
1.405977572894916205e+00,6.199643171824181564e+00,2.366951791852589526e-02
1.329820300961184643e+00,6.196459940601268812e+00,-3.348532859192691891e-02
1.352624955848418686e+00,6.198852410543691072e+00,2.107033968239734323e-01
1.287766723374145661e+00,6.196273086022739740e+00,1.870125190781938007e-01
1.224724507048633448e+00,6.194523698323380678e+00,2.925382329978952201e-01
1.429645788733865608e+00,6.202687030390364065e+00,3.658285984731817764e-01
1.421400660179983788e+00,6.200729573113265225e+00,1.121075556168231735e-01
1.287853995757020087e+00,6.197648354026047635e+00,4.134423755017631597e-01
1.324526476040066125e+00,6.196985946959983060e+00,8.809828894948079636e-02
1.508768355217183554e+00,6.204976989980119484e+00,2.445908404318600515e-01
1.391477294642365914e+00,6.199849934865063084e+00,1.312798509542723313e-01
1.497675964564155304e+00,6.204166534387764997e+00,1.799798197391076493e-01
1.515159619483418929e+00,6.204994748399887960e+00,1.998913356945451747e-01
1.460120812983777938e+00,6.203395715304133695e+00,2.786512784506554596e-01
1.552512431141478855e+00,6.207299257253367841e+00,3.451533249249848501e-01
1.568252334940029247e+00,6.207090558997302665e+00,2.207111128127251798e-01
1.546733510906201925e+00,6.205566420232572433e+00,1.039380796420144165e-01
1.523239862378808152e+00,6.203854221763778654e+00,-2.168623676498005262e-02
1.589882090305206441e+00,6.206250726627843051e+00,-4.007276494398262501e-02
1.654552212670117317e+00,6.209344349278008046e+00,4.828635791752265705e-02
1.597799200028170219e+00,6.207162515179376783e+00,4.897112495802173615e-02
1.607863198782387482e+00,6.207640279250677295e+00,6.908395159527522256e-02
1.733785632988275704e+00,6.212921241934918015e+00,1.655637206633326086e-01
1.572933652383385228e+00,6.207415220163914782e+00,2.563053594313333683e-01
1.740484499209712821e+00,6.212582349360093126e+00,5.940871708039596744e-02
1.757370909468469078e+00,6.213312808976481527e+00,6.743324727285375519e-02
1.804295935413263274e+00,6.215713006057338674e+00,1.771326914712734180e-01
1.460575744897421258e+00,6.202004174195194786e+00,5.162540749767758480e-02
1.429714168062325097e+00,6.200456721302809449e+00,-7.649518355137003688e-04
1.266607721608076220e+00,6.195481310118389651e+00,2.011520526477071635e-01
1.192618535253278544e+00,6.192259764047606474e+00,1.355463443023795511e-01
1.207110781365947183e+00,6.193217990670720319e+00,2.013679065604289387e-01
1.140489247036634346e+00,6.191640226224565779e+00,3.573419407412438686e-01
1.249432122068978579e+00,6.195486323534052708e+00,2.888682492327053208e-01
1.404933271376280990e+00,6.200886526099871787e+00,2.110292032142154772e-01
1.553058062348695145e+00,6.206448619501317765e+00,2.120723019571362500e-01
1.741247228918048728e+00,6.213299617070192404e+00,1.657456358550131181e-01
1.718940367024713867e+00,6.212350575217598703e+00,1.477378167388273267e-01
1.547787220545531417e+00,6.205976714123751847e+00,1.689442641391374622e-01
1.586535498813814726e+00,6.207107248925986198e+00,1.162686062933623588e-01
1.626426540785795849e+00,6.208811365414918626e+00,1.484284846217368559e-01
1.545228168202216423e+00,6.206658772582722250e+00,3.008182570030730196e-01
1.625804861103805843e+00,6.209116811375715805e+00,2.008708736727007615e-01
1.690648668567897639e+00,6.212425456553581249e+00,3.349827626868824848e-01
1.631072855462374349e+00,6.210352282672531032e+00,3.561719967493833239e-01
1.747023300339626495e+00,6.213350884081149772e+00,1.410304890390318977e-01
1.745653270358128895e+00,6.214908699436328732e+00,3.876607566773842550e-01
1.866857525493585301e+00,6.217783978926476607e+00,1.221492440113554484e-01
2.020439215953236278e+00,6.224829089924458714e+00,3.242379103482451730e-01
1.975908376816565948e+00,6.223309477322331418e+00,3.516301879093767790e-01
2.022311935186964504e+00,6.224455928539650351e+00,2.494491063814590903e-01
1.905886276239970645e+00,6.220292122367905741e+00,2.673221700504910259e-01
1.946834398012954548e+00,6.223056190121796227e+00,4.767542966555272099e-01
1.961403948677729270e+00,6.222362947401455457e+00,2.901944945173512980e-01
1.956893656929686642e+00,6.221357211873767667e+00,1.494485769289501387e-01
2.072856868932924090e+00,6.226866059109084084e+00,3.273627838488548103e-01
2.049823190598914380e+00,6.225422021320989430e+00,2.534924790133553651e-01
2.144902695249330193e+00,6.228244818494967028e+00,1.139885579384500719e-01
2.218118367355445653e+00,6.232191423011667730e+00,3.042130644826407382e-01
2.349674795066223343e+00,6.236450344511182742e+00,1.947584375880877516e-01
2.381757807764771417e+00,6.237545520058573878e+00,1.834559851455822843e-01
2.433419551999136843e+00,6.239617770697816646e+00,2.091714873218325499e-01
2.356388304802807809e+00,6.237413391650671990e+00,3.149462234716381981e-01
2.363418182927832234e+00,6.238126662248714815e+00,3.936355803339368631e-01
2.597628763000415120e+00,6.246261375176317188e+00,2.729141860927357666e-01
2.541207310753856863e+00,6.245361243065711498e+00,4.711540042235847769e-01
2.552133237777946206e+00,6.245833612949748925e+00,4.842125868768895613e-01
2.573975213671911177e+00,6.246838538920692407e+00,5.109096012288070199e-01
2.568353788583258357e+00,6.245909266163327977e+00,3.984910502219614070e-01
2.334726258627330076e+00,6.236334648120636537e+00,2.786587924547111461e-01
1.941242052571093391e+00,6.221252557609447287e+00,2.370329876732219787e-01
1.960451992154391254e+00,6.221723236502643140e+00,1.949928254945573758e-01
2.084017254029479460e+00,6.227459020894738018e+00,3.657455676574982717e-01
2.131860311753472903e+00,6.229601221984168546e+00,4.137513926210293347e-01
2.134601739576289958e+00,6.228180316056226573e+00,1.627348173328652392e-01
2.076075132531802758e+00,6.225470997246360660e+00,9.379930845926498506e-02
2.117400265321015773e+00,6.228493719686900576e+00,3.250507762627697361e-01
2.247633649927533561e+00,6.232579566434684359e+00,1.968414924465846094e-01
2.185569221725978117e+00,6.230005884570587682e+00,1.476404218370304389e-01
2.154899323704191794e+00,6.227970619550422526e+00,5.306267439257759434e-03
1.904473402456922093e+00,6.220359783235462459e+00,3.007729108974251941e-01
1.908434432360190280e+00,6.219526533951211356e+00,1.378262532924734440e-01
1.985242354082767946e+00,6.223276779722630714e+00,2.969349100306192812e-01
2.241548906798982443e+00,6.231032816249955530e+00,-1.541380880422446586e-02
2.185531110062638227e+00,6.230809831525594866e+00,2.965699219176843315e-01
2.359622287461883960e+00,6.237001794353127515e+00,2.212272593658356212e-01
2.146747698121258985e+00,6.228771763548087037e+00,1.893966730001155341e-01
2.270566891030600054e+00,6.233458430108042236e+00,1.921964688572175561e-01
2.359947599112352190e+00,6.237562767050127022e+00,3.220147654907682400e-01
2.294990428509173785e+00,6.233563384069193525e+00,7.398661617886903574e-02
2.427657848182493971e+00,6.239484480150260914e+00,2.084785830750258417e-01
2.395926827212328192e+00,6.238436360786471013e+00,2.435306257690405540e-01
2.191875198983674444e+00,6.231187822713621038e+00,3.153889728547582538e-01
2.186790113039900785e+00,6.230998350961749921e+00,3.161479919395994709e-01
2.329434893229972658e+00,6.235314984517181358e+00,1.434309157797847289e-01
2.334043278214763095e+00,6.235445936442091330e+00,1.291437240671896025e-01
2.290900098883426939e+00,6.235878712308158711e+00,4.589697008096813025e-01
2.374880491767354496e+00,6.238531827661772944e+00,3.777911800493245487e-01
2.377890528183450591e+00,6.237596900462929028e+00,2.238607741237130799e-01
2.428664815921131925e+00,6.239508399266944672e+00,2.194974967804161625e-01
2.396407821428601981e+00,6.238446107613077274e+00,2.297829004939010156e-01
2.318287675751595778e+00,6.235317054977785212e+00,2.143630751377495480e-01
2.279071660000039579e+00,6.235523424609706211e+00,4.845131058973711768e-01
2.490008056633500111e+00,6.243123208821998560e+00,4.251792636607586440e-01
2.580493720396762392e+00,6.245954759608737028e+00,3.391676087355881553e-01
2.428119211260697075e+00,6.239716062824101073e+00,2.483038656831090818e-01
2.583983187530522585e+00,6.245060768890917657e+00,1.601625047653332246e-01
2.581414136791930325e+00,6.245968644458360863e+00,3.211549865197122489e-01
2.622382980107072825e+00,6.247011195936180705e+00,2.406490818102575979e-01
2.650730185246494397e+00,6.246991090644337774e+00,6.481079056904920366e-02
2.517276678855557837e+00,6.242429665604506184e+00,1.519617169405181600e-01
2.417643666979913508e+00,6.239366487623891899e+00,2.627227747695773385e-01
2.451820980000858796e+00,6.241465287244093219e+00,3.838104806159048366e-01
2.795078313796593772e+00,6.253517628732329747e+00,2.488297815674893609e-01
2.742284735671785434e+00,6.252458087815901955e+00,4.061600651604959644e-01
2.422083062481894533e+00,6.238549947005870067e+00,9.099376004102271986e-02
1.990094252896706717e+00,6.222890391831358947e+00,2.052409142876337467e-01
2.073524408765316629e+00,6.226310515501237042e+00,2.395332718769042357e-01
2.217204277763251241e+00,6.232203781010896115e+00,3.276257146050081115e-01
2.459316525793235897e+00,6.242292945284061645e+00,4.809510926311350021e-01
2.893276175905207470e+00,6.257448559883091121e+00,2.853800316073202836e-01
2.978631799132871461e+00,6.260771014370162035e+00,3.263417752877679767e-01
2.746011822792329138e+00,6.252881336464594320e+00,4.500909204985791279e-01
2.441592116231713128e+00,6.239589968163103073e+00,1.492222269789954814e-01
2.595019373533106410e+00,6.246708449336434654e+00,3.698910038359132790e-01
3.431275460624433116e+00,6.278400615172269106e+00,4.208209098457096897e-01
3.870208531691265996e+00,6.294949878815239153e+00,4.603413095524808152e-01
3.962347981917551554e+00,6.297404775478592676e+00,3.031162800348597419e-01
4.055211263373194264e+00,6.299680821200653646e+00,9.854586855985998650e-02
4.130915198613192452e+00,6.304050631462815524e+00,3.466828101357328773e-01
4.039417486722858719e+00,6.299575722085446472e+00,1.740391565101347959e-01
4.004065715843810658e+00,6.298695152662698860e+00,2.461317334310261229e-01
3.838112005229292301e+00,6.292427783823504761e+00,2.354803995887441437e-01
3.949842477283217246e+00,6.297838744611529371e+00,4.426407111721048504e-01
3.877839016562075969e+00,6.295149680959638339e+00,4.322348440693107863e-01
3.831400975888914928e+00,6.292763477711151410e+00,3.182279423931627660e-01
3.782451953550151735e+00,6.290422624716962119e+00,2.457164589981626623e-01
3.765234249241506959e+00,6.289930556409689011e+00,2.752775035436305084e-01
4.272569949159956693e+00,6.308721698901240238e+00,2.611722557066197825e-01
4.432587813707694835e+00,6.315798236709103897e+00,4.458179678607348539e-01
4.570279679776916737e+00,6.320033427346631427e+00,3.010495465498587708e-01
4.807171798558250053e+00,6.329198918382037853e+00,3.644365993820908312e-01
4.477986501550051734e+00,6.316562771790485975e+00,2.923416141617889985e-01
4.638619535640921221e+00,6.322271181556405217e+00,2.495994045762531255e-01
4.582323255629454195e+00,6.320394582380003179e+00,2.919926002149296762e-01
4.741411876505929435e+00,6.326851107200992530e+00,3.898700766928385741e-01
4.828323838766289455e+00,6.329678510336211872e+00,3.233960357497152049e-01
4.927598939999853656e+00,6.333964109908740703e+00,4.251873714692079309e-01
4.639378156877221215e+00,6.323329754057649410e+00,4.245089466248833099e-01
4.540440979047047243e+00,6.318765501904034743e+00,2.770239813132386320e-01
4.551375408428028457e+00,6.318972489792747282e+00,2.439853188071995360e-01
4.883302523460198330e+00,6.331602554440411978e+00,3.111991863927999757e-01
5.063868951317925138e+00,6.339095443165531307e+00,4.404144538600967551e-01
5.121367676924716505e+00,6.341421119293798370e+00,4.687019020281069093e-01
5.381556636444599917e+00,6.350174114405716885e+00,3.422633352491316616e-01
5.408673678591027212e+00,6.351167819957152183e+00,3.317124521595377074e-01
5.335453649900540718e+00,6.348469545380321932e+00,3.296360577194921149e-01
5.320651720458823064e+00,6.348106949847526437e+00,3.653419365429769750e-01
5.107817113161917000e+00,6.340978164357061964e+00,4.788164332277643487e-01
5.469176989426578928e+00,6.353669775833983735e+00,3.870573045704006621e-01
5.700780421038552426e+00,6.361494505273491917e+00,2.683126549428638818e-01
5.765508258488342364e+00,6.364217705909045009e+00,3.178229419398898581e-01
5.843287271925030169e+00,6.366759463095281291e+00,2.663499370191527160e-01
5.578053595908012419e+00,6.356908942241788374e+00,2.597354645097607051e-01
5.457495951227729236e+00,6.353141334915946459e+00,3.591337727470296781e-01
5.552009112287428216e+00,6.356641189785615431e+00,3.535935627638920331e-01
5.411320082915754170e+00,6.351490259645918179e+00,3.735237063217644038e-01
5.636933133239850235e+00,6.360643477411895397e+00,5.099264074628818699e-01
5.930433424107580898e+00,6.370987346909691595e+00,4.338778387319986996e-01
6.103115622798155115e+00,6.376868139879368513e+00,3.629929741036788671e-01
6.181679614622416885e+00,6.379276263160853055e+00,2.832597223705624612e-01
5.775029185804354093e+00,6.365193703273454240e+00,4.242310860212195611e-01
5.924659072234294221e+00,6.371009651409339725e+00,4.787022328309410990e-01
6.054586939208984830e+00,6.375261481598623270e+00,3.970291892619851049e-01
5.597867675979160573e+00,6.358742696949356343e+00,4.374960635063420700e-01
5.091437089708088060e+00,6.339372141914529024e+00,3.155139651326945294e-01
4.832526842898771768e+00,6.329881343820181527e+00,3.329352155219307829e-01
4.902489086440345645e+00,6.333215041377026289e+00,4.522724191860591492e-01
5.254644631178065239e+00,6.346012854805650250e+00,4.122966487528400004e-01
5.629601806786768137e+00,6.358926936558042087e+00,2.643169236550407808e-01
5.569653535232584218e+00,6.357124629847301200e+00,3.443066702329071749e-01
5.664620852799509443e+00,6.360001750551295352e+00,2.362207603780324405e-01
5.875435233606695284e+00,6.367476584357962821e+00,1.853245645630835770e-01
5.671898018891664783e+00,6.360573847324109131e+00,2.862207976435617862e-01
5.749373587171099587e+00,6.362960810241398590e+00,2.156774721017939989e-01
5.730531294378631735e+00,6.362991132486782497e+00,3.277741460673701535e-01
5.585521141404949930e+00,6.357449276481738742e+00,2.983142361701728307e-01
5.581930234060459739e+00,6.357129967322053155e+00,2.737965647475681941e-01
5.385631907339424096e+00,6.350207690559484419e+00,3.142696953722552977e-01
5.292260617777737153e+00,6.347473079918221295e+00,4.386174314211075953e-01
5.721395221369382611e+00,6.363862340331658984e+00,5.318962108083996609e-01
6.013266421017738672e+00,6.372930742649482561e+00,2.611036038141125726e-01
6.030635749290348180e+00,6.373519445875280631e+00,2.626195670800763327e-01
6.013532578046424604e+00,6.373724849051296992e+00,3.845528279862245880e-01
6.141842383861209953e+00,6.377725180190584098e+00,2.754710761570943744e-01
6.197561946661931387e+00,6.381125273113601004e+00,5.043663993823633840e-01
6.078862109984941142e+00,6.375737787743568141e+00,3.335921534876821748e-01
6.169422888358652379e+00,6.379441967403509217e+00,3.978346247975965699e-01
6.358550697607475932e+00,6.386451994141265409e+00,4.060330483730615336e-01
6.486969401766839560e+00,6.394991583925773604e+00,1.038943134557405168e+00
6.385673638423038589e+00,6.400811671369923239e+00,2.616136311953066507e+00
6.219995945724718922e+00,6.396688313147537386e+00,2.960847528023910602e+00
6.531318072918276485e+00,6.404723370876661548e+00,2.395138956512568473e+00
6.428803985854384173e+00,6.400180865965956478e+00,2.255707473260073037e+00
6.062291912846427877e+00,6.379164061937198760e+00,9.956576573372069028e-01
5.991966542333370782e+00,6.374477834450867242e+00,6.476997057887285969e-01
5.936458445260237582e+00,6.369239121152561189e+00,1.159893198015116977e-01
5.681032839513020072e+00,6.361278497593763959e+00,3.479297741181294756e-01
5.965750626767966303e+00,6.371151488594936296e+00,2.580668304285422820e-01
6.248601586473835567e+00,6.381295323479553083e+00,2.148745510396082858e-01
5.955829623236516213e+00,6.371028397192702641e+00,3.016279406257182938e-01
6.165087439068376973e+00,6.378484353267587004e+00,2.737583319124594072e-01
6.104897494143749270e+00,6.376536124506593239e+00,2.962115202748978326e-01
6.368570887349606302e+00,6.386608960341994212e+00,3.755772117266673038e-01
6.590368551349933490e+00,6.395468494716327612e+00,5.010743629771207130e-01
6.278118607362983106e+00,6.384587646573829822e+00,5.851209287677361370e-01
6.750380610238414292e+00,6.401117011820544711e+00,4.670699786157986311e-01
6.784518406617459974e+00,6.401777878689671297e+00,3.643469207456037640e-01
6.806860523910402527e+00,6.402953086154623996e+00,4.264533757837323247e-01
7.133124140544826020e+00,6.413826508387925784e+00,2.715391417048792500e-01
7.017343546983950020e+00,6.411233706236640018e+00,5.402982899667958527e-01
6.730067645025020084e+00,6.399344366559529540e+00,3.006129492154735461e-01
6.847563685185140692e+00,6.404659244035243226e+00,4.680424491503601403e-01
6.794538507954182904e+00,6.403180519231909784e+00,5.353024165886134389e-01
7.033527410434476046e+00,6.410789348377123886e+00,3.557407110412234563e-01
6.697977067004130092e+00,6.399643673219358675e+00,5.433838505724624124e-01
7.139890367727992349e+00,6.414922572873242856e+00,4.038362732966075397e-01
7.348905246041772976e+00,6.422472892942275635e+00,4.013312154751539351e-01
7.027294624849233173e+00,6.411224789539328839e+00,4.678284863822300688e-01
7.332955532144759481e+00,6.421433858244348869e+00,3.272669905839316051e-01
7.361725074117750900e+00,6.421679847787909345e+00,1.870281172013698867e-01
7.576121084271203010e+00,6.430060673301562169e+00,2.890258350971306456e-01
7.585881574410878514e+00,6.430782468039290656e+00,3.587612426910707919e-01
7.155217378893874880e+00,6.415283698331856854e+00,3.841940967198549939e-01
7.643512769204180657e+00,6.432154231718119952e+00,2.235806391539126303e-01
7.767536305672451569e+00,6.436821363524328099e+00,2.542927007724810062e-01
8.170789011252201917e+00,6.451833360945018470e+00,3.332852830526654708e-01
8.166948805024654590e+00,6.453274192567493017e+00,6.028405351293717462e-01
8.404615661506658952e+00,6.460204459845852121e+00,3.209352874300003822e-01
8.569487405807846514e+00,6.465436135652515404e+00,2.047126591595185841e-01
8.334471505732699015e+00,6.458641273689622153e+00,4.814230161454687851e-01
7.882175091577013681e+00,6.440736231137231371e+00,2.159114041208807788e-01
7.784395003797719426e+00,6.438646362482849383e+00,4.643189510181756074e-01
7.878106446212376213e+00,6.442759206665623850e+00,5.847266217892010953e-01
8.164507468162588211e+00,6.450284341987382319e+00,1.183253037390661899e-01
8.154795634151019712e+00,6.451211772441049597e+00,3.293703744437447289e-01
8.262782680817435832e+00,6.455596887812065532e+00,4.035628966279128371e-01
8.141614694619894621e+00,6.451240705250443241e+00,4.127801802153283628e-01
8.478682111124005161e+00,6.463889399293393900e+00,4.927701440159881208e-01
8.752590507356227789e+00,6.473771444457702806e+00,4.924224704596318336e-01
8.572341071043252825e+00,6.467093378751840760e+00,4.695791246307974842e-01
8.555757013476288364e+00,6.466023096448118679e+00,3.936206624246341157e-01
8.311498564386765153e+00,6.456388010099979091e+00,2.486444180415068872e-01
7.920493827366834161e+00,6.443154773690536352e+00,3.907718038896514923e-01
7.803808055731630056e+00,6.439464266376209167e+00,4.906040562420720397e-01
7.822751093679896073e+00,6.440221062559761123e+00,4.975247781308165806e-01
8.625776928937980870e+00,6.468834918886475549e+00,4.340723604678355940e-01
8.449941253105277994e+00,6.462447355522959569e+00,4.214556961021693748e-01
8.397487220203846192e+00,6.459506050393786225e+00,2.466639993755135041e-01
8.404174854693586383e+00,6.458925555855717704e+00,1.115879792441797913e-01
7.870117423749533714e+00,6.442422447762848670e+00,5.767620702059601534e-01
7.763756632949599279e+00,6.438952328729691033e+00,6.394404070122419181e-01
7.661990805821319306e+00,6.435396450096381393e+00,6.560169571957641388e-01
7.293543785292484927e+00,6.422025572661912207e+00,6.672091245203454202e-01
7.303906340827819754e+00,6.422078598934326088e+00,6.117479402058746407e-01
7.013111596652096935e+00,6.410367147609082217e+00,4.233345179474748421e-01
6.068029991913702403e+00,6.378620364261119668e+00,8.697497491379544421e-01
5.066764288748689005e+00,6.346332255228641195e+00,1.622396367457797250e+00
3.712724988553970373e+00,6.296423362867495932e+00,1.660072583623038556e+00
2.689399996095030776e+00,6.258819773543343068e+00,1.754405712990500410e+00
2.903021638327157650e+00,6.265624788084003249e+00,1.563376747360929464e+00
4.578758488428761098e+00,6.324086132745645905e+00,9.324305465275462002e-01
5.775510678247741225e+00,6.366858877364168556e+00,7.228141365990554679e-01
6.460224537311828996e+00,6.389553296236828217e+00,3.169671657307249202e-01
6.380634410529771650e+00,6.388164767974814140e+00,5.638065292223202185e-01
6.593806793170075231e+00,6.395348619093681464e+00,4.659842265074284895e-01
6.882588391341973200e+00,6.406783201441220044e+00,6.234832267821190932e-01
7.105153876085045894e+00,6.414713770006197358e+00,5.872921751768980236e-01
7.488150890820895356e+00,6.428092916305488735e+00,4.950177788126084444e-01
7.581104040973014158e+00,6.431621402805586918e+00,5.240093617313900110e-01
7.844787691056749779e+00,6.440718705511810249e+00,4.534979614718407381e-01
7.606415455401053016e+00,6.433516721013256223e+00,6.960427779246424196e-01
7.548691150138540529e+00,6.429305308104521721e+00,3.315348705648568650e-01
7.668365825271420633e+00,6.435571396843814185e+00,6.602765116024666980e-01
7.882191275474803582e+00,6.442064981318810446e+00,4.424023107054601556e-01
7.769554955739810254e+00,6.438502807361269120e+00,5.331638832313039256e-01
7.914618987701230957e+00,6.443147054037225097e+00,4.329563751136548677e-01
7.857047599899943613e+00,6.441366309092985354e+00,4.901600025390072668e-01
8.178122356047595076e+00,6.452583880683229189e+00,4.233758642086525859e-01
8.702567788251030834e+00,6.471443060270242853e+00,4.146699122799047399e-01
8.867209277094179498e+00,6.478228280767161174e+00,5.575574337989916973e-01
8.828431580028837544e+00,6.476781923294275600e+00,5.505036765083151096e-01
8.886550135023545849e+00,6.478646490790956669e+00,5.101343275384015996e-01
8.720442306785633590e+00,6.473449398142546940e+00,6.429073794525086427e-01
8.759813222496550367e+00,6.474544112546049668e+00,5.951086372435206995e-01
9.007772671118056351e+00,6.483227771160579245e+00,5.522793229313113228e-01
9.194985417123703542e+00,6.489236614829947847e+00,4.372384648033720844e-01
9.349927651172263765e+00,6.494916144389483392e+00,4.549923389037972554e-01
9.313837564549183767e+00,6.493641951093466425e+00,4.599753345207929223e-01
9.706909930553800692e+00,6.506905034269180099e+00,3.184520962115248155e-01
9.683716590554242387e+00,6.505528239876605667e+00,2.250620351926569118e-01
9.846576046156970463e+00,6.512638001284640765e+00,4.435673962812435311e-01
1.023386163749952615e+01,6.525908721903235232e+00,3.566859525181985680e-01
1.004547784663944121e+01,6.519063400356181148e+00,3.377921002067343914e-01
1.015960582352217756e+01,6.523261966807274881e+00,3.546832403387384924e-01
1.013472435104389113e+01,6.523193218659956827e+00,4.911221653800629250e-01
1.019458713096745406e+01,6.525056906787641609e+00,4.520154479580641427e-01
1.035248609583335266e+01,6.530431736745251570e+00,4.064369179069282634e-01
1.035482388068049886e+01,6.530191300368520579e+00,3.499492987673867850e-01
1.047139437064222989e+01,6.534238423208307722e+00,3.384220019832874793e-01
1.049949112910768179e+01,6.534971483030532546e+00,2.917338352215607666e-01
1.064392969809931522e+01,6.541301353704607635e+00,4.930071910936159596e-01
1.074987073045232400e+01,6.545279616483927754e+00,5.314382655374471076e-01
1.040865118452908433e+01,6.532336157135299359e+00,3.957042481577471293e-01
1.028968789346853718e+01,6.529043305237582473e+00,5.548121858197935241e-01
1.030674052922312711e+01,6.529527039652730735e+00,5.310321856455546552e-01
1.044223775169892043e+01,6.533082558200826284e+00,3.167358642537849156e-01
1.032497545905748559e+01,6.529165350407578394e+00,3.579928662293843100e-01
9.787957825377400667e+00,6.510610032871426256e+00,4.601118283942889908e-01
1.022050670347460688e+01,6.525381970815217869e+00,3.567046504567019105e-01
1.088261449380123302e+01,6.548837477873286517e+00,3.337993574037221300e-01
1.121399896026465903e+01,6.561184896394349764e+00,4.421769924326967582e-01
1.141767373184580769e+01,6.568757727625896159e+00,5.038852282284507211e-01
1.133532133189499547e+01,6.566613567986623323e+00,6.311452662348535636e-01
1.098585727577745175e+01,6.553321584391040844e+00,4.787773817710485602e-01
9.858299086625903485e+00,6.511692608069643562e+00,2.344762818810552374e-01
8.407025562747884706e+00,6.460108834880008644e+00,3.084480645091449702e-01
7.591903420404852554e+00,6.431773300102602953e+00,4.832605081925993029e-01
7.612645837774635993e+00,6.433094027572995088e+00,5.792893808270214162e-01
8.197446904121521882e+00,6.453006197748742956e+00,3.786072914228347797e-01
8.775550331151830363e+00,6.473216030372508811e+00,2.730543042491371808e-01
8.630604302244949011e+00,6.468300459206874464e+00,3.228328074242916013e-01
8.054166340120577416e+00,6.447546870287548693e+00,3.228973055423323135e-01
7.728776607516103958e+00,6.436952718726357325e+00,5.207825789955506934e-01
7.785236457773694774e+00,6.439563157526192683e+00,6.170364327692340334e-01
8.032341895200930892e+00,6.446949967290076522e+00,3.573872037541050428e-01
8.280162373321211078e+00,6.455770911202226792e+00,3.373828954798138713e-01
8.035786008862800145e+00,6.447526268319408338e+00,4.425137774696654702e-01
7.316638678241549343e+00,6.421222709374538873e+00,3.982933266768851066e-01
7.030748506101785367e+00,6.412329829181639518e+00,6.447157210625671375e-01
6.926266896289932973e+00,6.409270148744155016e+00,7.642424672489492865e-01
7.038622707432009129e+00,6.413054996677135300e+00,7.092913733949813837e-01
7.031239666409010880e+00,6.413559192706632217e+00,8.428893538872833657e-01
7.143988744920853229e+00,6.415449260639442208e+00,4.770447678258533664e-01
7.450185640412235522e+00,6.426555022856084598e+00,4.753245633490239541e-01
7.992188197176578690e+00,6.447572392082066450e+00,7.049940350881528373e-01
7.887674121241824210e+00,6.444165557558300783e+00,7.681912574209803779e-01
8.157092950626626759e+00,6.453374269201795244e+00,6.808140646673744856e-01
8.220323725293502193e+00,6.455397770723384276e+00,6.411878240310923127e-01
8.756910990561278751e+00,6.474364304192126163e+00,5.744856371992274058e-01
8.808441308757981147e+00,6.475746705977943662e+00,4.977028557273345255e-01
9.025008581217546677e+00,6.483417744703504404e+00,4.807102271551740857e-01
8.642917014503845863e+00,6.471023016846286779e+00,7.035009088375654418e-01
9.148764212336027768e+00,6.491679121212565740e+00,1.121297114317686638e+00
9.552313135107612041e+00,6.511225500657846332e+00,1.985214144148607973e+00
9.673287294043126039e+00,6.513921870485197552e+00,1.703248707043922394e+00
9.648713877348267687e+00,6.511899415409239111e+00,1.508055286057859545e+00
1.003839496455867142e+01,6.526038832325536276e+00,1.551658250530467686e+00
1.072699261867390952e+01,6.546574965511276822e+00,8.876897601793712900e-01
1.096726376928901203e+01,6.552362048416481066e+00,4.166564701751304667e-01
1.137502889106607995e+01,6.567130740906207187e+00,4.779524844378739701e-01
1.082676343630642535e+01,6.548999935370718894e+00,6.953507289095324229e-01
1.133499942955770301e+01,6.566050187710606778e+00,5.365639380217090970e-01
1.123163696948784285e+01,6.563499888829360529e+00,7.223288703458292659e-01
1.177084338921785189e+01,6.581547095547888304e+00,5.553638556593696318e-01
1.217580154744537602e+01,6.596253928866182115e+00,6.304463022818028728e-01
1.223089326311545655e+01,6.597504505378314121e+00,5.152523865318007212e-01
1.222663977427319182e+01,6.598913685129558893e+00,7.790862420122548482e-01
1.183073857945184315e+01,6.587103304937296677e+00,1.141406649899199488e+00
1.120742196624056497e+01,6.563863401249923513e+00,9.289047414613995635e-01
1.085135448858869367e+01,6.551221249178440509e+00,9.203307379279587197e-01
1.074183900337497199e+01,6.545647039364324016e+00,6.341298414653785409e-01
1.030954989485420903e+01,6.528435931340241360e+00,3.251921123408322289e-01
1.004768015786414459e+01,6.519067811386027422e+00,3.171952054925940567e-01
9.247979349949625671e+00,6.491096385999489904e+00,4.218616224051049413e-01
9.837853323108124215e+00,6.512516597684887110e+00,4.751325734424358682e-01
1.058092313878123392e+01,6.538793407764894816e+00,4.411935454579576366e-01
1.124482182384788231e+01,6.563212269163346768e+00,5.943428851731975548e-01
1.171894122870369515e+01,6.579146064803447658e+00,4.549172885374572761e-01
1.187100648679078851e+01,6.583477939631519504e+00,2.792861784807229575e-01
1.262378854855175447e+01,6.610436318900308805e+00,3.664203569362413648e-01
1.236972715563054237e+01,6.600821995504760231e+00,2.453677524732386095e-01
1.246874388752517859e+01,6.605167259317806128e+00,3.916218435171240908e-01
1.253256626610898117e+01,6.607774287954299552e+00,4.561218276130523663e-01
1.277756507689677790e+01,6.616356933339629265e+00,4.537670664452320701e-01
1.259181965346034815e+01,6.608926436903925783e+00,2.944718293675350762e-01
1.269801824504568621e+01,6.613002787442999519e+00,3.558067708192959588e-01
1.282009974142284214e+01,6.617224213243082964e+00,3.447487788285396038e-01
1.310335882919241612e+01,6.627395995669429496e+00,3.896282561686623125e-01
1.320072304574312838e+01,6.631631436412086522e+00,5.298416670546675089e-01
1.308064937459540999e+01,6.627710185754678740e+00,5.791115573505594138e-01
1.316407638859412543e+01,6.629367731800417829e+00,3.648876766603281196e-01
1.367234216931448643e+01,6.648187854631897764e+00,5.558623563505448173e-01
1.396549779635329358e+01,6.658442655299523061e+00,5.614469919980793478e-01
1.356602340432645981e+01,6.643655275269888527e+00,4.113342910316086787e-01
1.347360796760175106e+01,6.639808829541616220e+00,3.021727670062995807e-01
1.347971185089240365e+01,6.639720580880513978e+00,2.494546433151888509e-01
1.310791533429777722e+01,6.628806480216776542e+00,6.044456383916084752e-01
1.288205771116196807e+01,6.622207165535543005e+00,8.259275861725257073e-01
1.349954603768694028e+01,6.643003714616964039e+00,7.011987124372000002e-01
1.421659336575561383e+01,6.666705312452580579e+00,4.801235750137984315e-01
1.402717859774264042e+01,6.659266338878139457e+00,3.320405424231656633e-01
1.401232531877933596e+01,6.659424891044700701e+00,4.491696777657052664e-01
1.442603587042954771e+01,6.674157047927857356e+00,5.120099333479716242e-01
1.454834786236446043e+01,6.678543058267246479e+00,5.367506682493363712e-01
1.478350584394110356e+01,6.687144040733389971e+00,6.173156277908775635e-01
1.502175543323250650e+01,6.694819233588664709e+00,5.199871012300091300e-01
1.489632566999558172e+01,6.690394131472187311e+00,5.038966781579331533e-01
1.455123743568787198e+01,6.679358569308591065e+00,6.599207338655452837e-01
1.430224689950972206e+01,6.670569641013215367e+00,6.315411617750356088e-01
1.432370969880864386e+01,6.671999105668375840e+00,7.496848359774792581e-01
1.414480084878653976e+01,6.665393492798970421e+00,6.823473643404465161e-01
1.362591085445748718e+01,6.646783252536694775e+00,5.816225337954387120e-01
1.354185881002894654e+01,6.644675367416620126e+00,7.226643044915307401e-01
1.340061992873757113e+01,6.640587563356139533e+00,8.660881476475288387e-01
1.367432686797507202e+01,6.649903869201449602e+00,8.279871926287494244e-01
1.396004249312636603e+01,6.658782130554294021e+00,6.450922087596178134e-01
1.428675286562646463e+01,6.668820926606080945e+00,4.193727366359548681e-01
1.394853246370508693e+01,6.657791794537602392e+00,5.443823267314358283e-01
1.327501448292183284e+01,6.634253747051038985e+00,5.288568695753166349e-01
1.353025156437309384e+01,6.642403268561902330e+00,3.988090048804650012e-01
1.329791334187642704e+01,6.635090640916032179e+00,5.343732493115147530e-01
1.341413564762549626e+01,6.639990698752811227e+00,6.791944308504261896e-01
1.331279326175237365e+01,6.635654041854807339e+00,5.412560897132051574e-01
1.313134132129580323e+01,6.628375342401487735e+00,3.791361804211657582e-01
1.289298153443882100e+01,6.620083387732168312e+00,3.857978160609896179e-01
1.299506270949357578e+01,6.624601838562016454e+00,5.480649556070478212e-01
1.303201968103255126e+01,6.625227723361027721e+00,4.333379946498514546e-01
1.296300179331042202e+01,6.624769204033122527e+00,7.689201882059336635e-01
1.276759139234524731e+01,6.615619792078970107e+00,3.720468907252015844e-01
1.240854907255759620e+01,6.603484505107146241e+00,4.498533395411912772e-01
1.177626994653241255e+01,6.581880497867331314e+00,5.596337631007888280e-01
1.200077101878249231e+01,6.587964476733676022e+00,2.469204112867913747e-01
1.179839541511393719e+01,6.581564346713891567e+00,3.700786318393303742e-01
1.185031917055524708e+01,6.584066086861666278e+00,4.850947532533902984e-01
1.226706713167927276e+01,6.596983440391843700e+00,1.878090681572767151e-01
1.170509561148545785e+01,6.577943645507339454e+00,3.133278092934982939e-01
1.119218446349707818e+01,6.559740348893257078e+00,3.006036385796118093e-01
1.103851473806699701e+01,6.555195068561293859e+00,4.503633926632376605e-01
1.076830360771965189e+01,6.545572095446426708e+00,4.444504593780553847e-01
1.084461302728051280e+01,6.621342031130056149e+00,2.094355486480336745e-02
1.119125821196120540e+01,6.578772080877095974e+00,3.270213269152123514e-01
1.094141199957076438e+01,6.552294932470902999e+00,5.420255763808943250e-01
1.097447554473486520e+01,6.552936849015094545e+00,4.506243866147856547e-01
1.050278970289263114e+01,6.535367595134854213e+00,3.121408839324248952e-01
9.562289760808878825e+00,6.501342861136758522e+00,2.343126065460270913e-01
9.660592987294204903e+00,6.505345099735847292e+00,3.110030553941213194e-01
9.554412407986491829e+00,6.503628368829327933e+00,6.602157402180894863e-01
9.682221457297103484e+00,6.507574555246258718e+00,5.554220589668312780e-01
9.846435902850490862e+00,6.512551631281683129e+00,4.040395236583255723e-01
9.713927951328063415e+00,6.507902745497334607e+00,4.187801540126803723e-01
9.519530375223542507e+00,6.500771690124593327e+00,3.873326663822114213e-01
9.453973529157977396e+00,6.498382109806602358e+00,3.807837565338569874e-01
9.843478192413105177e+00,6.512849795273346842e+00,4.743585145246770884e-01
1.009725437701138873e+01,6.521597931019862848e+00,4.201231516052517101e-01
1.001732676132703226e+01,6.518517247844831886e+00,3.817152525021387244e-01
9.877316723628846162e+00,6.513072870742399267e+00,3.062951380330317108e-01
9.808440511945688556e+00,6.510172758463038889e+00,2.302050034717414428e-01
9.452042819069690793e+00,6.498428304396919764e+00,4.008321367950453129e-01
9.104487047678198053e+00,6.486155548994375408e+00,4.293904264740989185e-01
9.020466475058965372e+00,6.483143952397062648e+00,4.280468798821873699e-01
8.775533554883889309e+00,6.474431968969270201e+00,4.438664419941800721e-01
8.864794691233777613e+00,6.476670275607525618e+00,2.846292931928609549e-01
9.231836096434431482e+00,6.490038549715702487e+00,3.123985026141961052e-01
9.228366057688417001e+00,6.813892673026715308e+00,1.694393903402846291e-01
8.838192015321993722e+00,7.030233066751060633e+00,1.943974881481810857e-01
8.574321773257054247e+00,6.467677400908553587e+00,5.244114896456906205e-01
8.842252290487268240e+00,6.477340010349000643e+00,5.308783223890629621e-01
9.106199557142128143e+00,6.487261929862413012e+00,6.040858656782256420e-01
8.898803043670671542e+00,6.480007981772966552e+00,6.361588558944034633e-01
9.062449020138513944e+00,6.487064305516138774e+00,8.353484720005420749e-01
8.832983632543642827e+00,6.477756333652215481e+00,6.559405696375727457e-01
8.750136272566289009e+00,6.473743286646615580e+00,4.816438941388613282e-01
8.808820066435805174e+00,6.475748973281224785e+00,4.633744028824940964e-01
8.301272899798435745e+00,6.459325205578540618e+00,7.733257788284558787e-01
7.794557270467085353e+00,6.441970500953489775e+00,9.319926595266959657e-01
7.463269356582781455e+00,6.428840782634734019e+00,7.491422503366462760e-01
6.769350345249470102e+00,6.403556545026252600e+00,7.366779859010702536e-01
6.828819146508849691e+00,6.403197444961804763e+00,3.158304626945483418e-01
7.717962166227063214e+00,6.435075600474712054e+00,2.415768545934312284e-01
7.826493734364408539e+00,6.441379888902944550e+00,6.384682353274875322e-01
7.932203238956330615e+00,6.443370581604944469e+00,3.346743282519785700e-01
7.782632777025573212e+00,6.439498753102578021e+00,5.865748083537010160e-01
8.061447262171547834e+00,6.447465484739623776e+00,2.390528691553519824e-01
8.406796269603390215e+00,6.462086434736176166e+00,5.936557113216015535e-01
8.534439825197734919e+00,6.466469317622457247e+00,5.605447136405744546e-01
9.390482495223812620e+00,6.498050763632845062e+00,7.041244667413278924e-01
8.995854292949474029e+00,6.483186197279744434e+00,5.832584951278158014e-01
9.088967445218546715e+00,6.486758447235671632e+00,6.208243726871739421e-01
1.010743671074891559e+01,6.522291455366020507e+00,4.680540341072342292e-01
1.075719722039235826e+01,6.545365219223351794e+00,4.612547317318492213e-01
1.107470113775108445e+01,6.556096084918208611e+00,3.749062877348005585e-01
1.108422560599651163e+01,6.557285937786072161e+00,5.123988462457867987e-01
1.164813133411539603e+01,6.577569237869909102e+00,5.749905961195687087e-01
1.151352322596281219e+01,6.572416977538832583e+00,5.086191218724733787e-01
1.167633443356431933e+01,6.578866978541380028e+00,6.287726462358322888e-01
1.164971435059051785e+01,6.576064951903678235e+00,3.072358266576766250e-01
1.213767767944935727e+01,6.594750539788489796e+00,5.718872444832423518e-01
1.205368527117328270e+01,6.590769991653018245e+00,3.908177000992801853e-01
1.196021815059739168e+01,6.587156626915278146e+00,3.314950012731380236e-01
1.186210249894344670e+01,6.584436150978230096e+00,4.628082886895664716e-01
1.229220004678817268e+01,6.599410966288679070e+00,4.390338276220682179e-01
1.209896184634785499e+01,6.592248920033295434e+00,3.708510734644569484e-01
1.197644955555517754e+01,6.586982818698176700e+00,2.088442801067141030e-01
1.199475046026221214e+01,6.588710278356272987e+00,3.953236390138876177e-01
1.233285355654136417e+01,6.601237601595037141e+00,4.921502656220053118e-01
1.258043524796867096e+01,6.609505719376144839e+00,4.287952046709918030e-01
1.261311957384617166e+01,6.610856232180024605e+00,4.718221291021159614e-01
1.260569570150084040e+01,6.609868532148531095e+00,3.422279246929135765e-01
1.245519889029383087e+01,6.604837132216341722e+00,3.793419121618724077e-01
1.277133241848986245e+01,6.616398238879499516e+00,4.591720312545917726e-01
1.327222565912112096e+01,6.633298903353658460e+00,3.598434323455410588e-01
1.365647710483422550e+01,6.647056720682814834e+00,4.181546627212462952e-01
1.427893496546112928e+01,6.669641263924854790e+00,5.779016012650316503e-01
1.469422317244304388e+01,6.647063682963257669e+00,4.940496142948495040e-01
1.456843344656702399e+01,6.630654950329723185e+00,3.452559314034160387e-01
1.388000148896158414e+01,6.654649590140454762e+00,3.961969512204721044e-01
1.275316133695802989e+01,6.615750158576028106e+00,4.676370929893670647e-01
1.199463106651297650e+01,6.589517627629706276e+00,5.244663998586802656e-01
1.210390742061727565e+01,6.592841553456311843e+00,4.389625972949553478e-01
1.232899456553770534e+01,6.601198654139067479e+00,5.117968081690005278e-01
1.256878074014665536e+01,6.608686197121234507e+00,3.596484781206013559e-01
1.278432344898490314e+01,6.616222146775533552e+00,3.710894642789933640e-01
1.254628271874829792e+01,6.608189227344217542e+00,4.291311361252620471e-01
1.109316068444144143e+01,6.555847326866357072e+00,2.246982230178838358e-01
1.059931694574934724e+01,6.538788629736245639e+00,2.941853668478183192e-01
1.105018534662332996e+01,6.554415837160185276e+00,2.373114337635589544e-01
1.115110224297622565e+01,6.558158048528916595e+00,2.747097337562436348e-01
1.199477331224129095e+01,6.588515643838132263e+00,3.656457437757585915e-01
1.201453236279999892e+01,6.589351708743272695e+00,3.968077352247521561e-01
1.167351838756416704e+01,6.577356396490028345e+00,3.954040051913393916e-01
1.139934242594180169e+01,6.567068722773173661e+00,2.987004409898934565e-01
9.783638106148602631e+00,6.510532025262901534e+00,4.169423292238885748e-01
9.473214134154586574e+00,6.498439347761670426e+00,2.653205553191158028e-01
9.423910595231722809e+00,6.497147647428061390e+00,3.492621914964028074e-01
9.483273531058907579e+00,6.499150281917096983e+00,3.268191568364614552e-01
1.022478644579373253e+01,6.525768304249253582e+00,3.506462749106519228e-01
9.981198840974240483e+00,6.517850988365089471e+00,4.769689542543706917e-01
1.074734537581310256e+01,6.544648258137041097e+00,4.109602646705329265e-01
1.021841421407453154e+01,6.526851678389479439e+00,5.702276690654466407e-01
1.022678296704513734e+01,6.527638707480832636e+00,6.602591800699039171e-01
1.016223721720523621e+01,6.523754564406897494e+00,3.965138607305635499e-01
1.035401745025846942e+01,6.531316422310904812e+00,5.319562787905224299e-01
1.027739280509758579e+01,6.528806035537426666e+00,5.383676033293839369e-01
1.083354845369897923e+01,6.547329202849957674e+00,3.321064449577385003e-01
1.065266624741552626e+01,6.540339892079306772e+00,2.421267373297985859e-01
1.078818615041793194e+01,6.544200175337763881e+00,7.776439836077395085e-02
1.036001273733710093e+01,6.530268562759065532e+00,3.114778023342510971e-01
9.913643767938111750e+00,6.514285846682630776e+00,2.839408390421566675e-01
1.035212658585866663e+01,6.529411420889235984e+00,2.043745553108684276e-01
1.113299906972123665e+01,6.557342680385168876e+00,2.474721302529613587e-01
1.194341885374089784e+01,6.586544242376179525e+00,3.349894625764616163e-01
1.207105694001581142e+01,6.590734341305240385e+00,2.895440432626874006e-01
1.172801612186078302e+01,6.579192285081854941e+00,3.843580801642903499e-01
1.173470133738376120e+01,6.582526401816953587e+00,9.290937627394310061e-01
1.165042789426952652e+01,6.581167730470911081e+00,1.192439602234340423e+00
1.129595470659509893e+01,6.569180953899063979e+00,1.274072124704926479e+00
1.150016156050467586e+01,6.575953746522214871e+00,1.194812034834425551e+00
1.206706858806295735e+01,6.594458519586641643e+00,9.505791440939043158e-01
1.251616257966315260e+01,6.608195016965468405e+00,6.149630285509464223e-01
1.273174222080868923e+01,6.614724764566229709e+00,4.375256125605748725e-01
1.291810905259878695e+01,6.622322828388662153e+00,6.027434967249697406e-01
1.285521567310268765e+01,6.621994316535386282e+00,9.214535981877128856e-01
1.269698173648355066e+01,6.616445604829936045e+00,9.416536038015732579e-01
1.250756210191701889e+01,6.609942353366650813e+00,9.714170760832769869e-01
1.265269638230373772e+01,6.615528305023686606e+00,1.041473178908381092e+00
1.326195328578821453e+01,6.635782416148096274e+00,8.567012334729416922e-01
1.343388888728455832e+01,6.641079519534623721e+00,7.408030133014725793e-01
1.329764598922553276e+01,6.635939423396493453e+00,6.789233113979573631e-01
1.328513450652755701e+01,6.635625739761986885e+00,7.036688462070587180e-01
1.319721167343991652e+01,6.633778847858265770e+00,9.040061740622782338e-01
1.336909731403727797e+01,6.639670725577744292e+00,8.915037121773426998e-01
1.393618500888366363e+01,6.659147857807544924e+00,8.472222693913709080e-01
1.433834695667700387e+01,6.673499155595512988e+00,9.105628106070441374e-01
1.430286397914154861e+01,6.671185700526319984e+00,7.309164409453822175e-01
1.417913531164342444e+01,6.667417653425641078e+00,8.155885297908948006e-01
1.384815436732592531e+01,6.657662745661887094e+00,1.121869759075003747e+00
1.353553202123130283e+01,6.646074648441643085e+00,1.014888692027382078e+00
1.378880362009666527e+01,6.652724563239428512e+00,6.365183649052451598e-01
1.433830694838525766e+01,6.672165319227466362e+00,6.930671172258974222e-01
1.496035469425881459e+01,6.693092201342431657e+00,5.859974741923446029e-01
1.433141505903834023e+01,6.672916525487632811e+00,8.633922638898323676e-01
1.408534087728602913e+01,6.663764539444317236e+00,7.555349824186511354e-01
1.453101441014654860e+01,6.681337635773686223e+00,1.125972840265203390e+00
1.405264698319575700e+01,6.662343261708087105e+00,7.045630366267445766e-01
1.383743279050858455e+01,6.654308542543948768e+00,6.135762640886753827e-01
1.441770517571735866e+01,6.673901020574559695e+00,5.111029982719083042e-01
1.470307784971511822e+01,6.682814004320768220e+00,3.417779467134634541e-01
1.479646935968695587e+01,6.687364009214426197e+00,5.836475291274966226e-01
1.492171846925143974e+01,6.692519724203362053e+00,7.236266623068599024e-01
1.478942160470944245e+01,6.687571333987465394e+00,6.435797745778042422e-01
1.425068294235340183e+01,6.668267558914942050e+00,5.419914810670666272e-01
1.420762176913469155e+01,6.666162596461373546e+00,4.419770345797873756e-01
1.405381805291703046e+01,6.659485283467005523e+00,2.090367194335663592e-01
1.461539175282868008e+01,6.680380650442621970e+00,4.519415957605626422e-01
1.492662303966771908e+01,6.692123339238526647e+00,6.235955270298449982e-01
1.486075212192396400e+01,6.688581971068670917e+00,4.178590755831116388e-01
1.495289482411162574e+01,6.693207621145489838e+00,6.634690556572244713e-01
1.483599824905659581e+01,6.687469247605905664e+00,3.755849721955588638e-01
1.454985606561347389e+01,6.678005717679825537e+00,4.378940741960178351e-01
1.392727252130448257e+01,6.656978009313783140e+00,5.430737465540339537e-01
1.395248461281635066e+01,6.656559941609737407e+00,3.094320312215289026e-01
1.427733444847803312e+01,6.668374477926747090e+00,4.076768021444575618e-01
1.472254698453552280e+01,6.684457814411376653e+00,5.218794525247318905e-01
1.409028492858301718e+01,6.663839867818192708e+00,7.446270932049724456e-01
1.458095225372265347e+01,6.679719062644796423e+00,5.499815755445235377e-01
1.414714977028507903e+01,6.664031060829724851e+00,4.402341235806557229e-01
1.370329659840077063e+01,6.649621158080011085e+00,6.137949120373045186e-01
1.387404860437124654e+01,6.655426675307290374e+00,5.945284391964439363e-01
1.408480445033452000e+01,6.662654439380407467e+00,5.814632196132786257e-01
1.406433244168923835e+01,6.661494327899601053e+00,4.930979352682983152e-01
1.396749072814269077e+01,6.657637081808942980e+00,4.117242370730633261e-01
1.404443982999569762e+01,6.659680179365105701e+00,3.053425091259833746e-01
1.374439225832943912e+01,6.648508904504435435e+00,1.833695306713502560e-01
1.359117524125486653e+01,6.644016064797508392e+00,3.286977967227862063e-01
1.380102924153518984e+01,6.652728076652522304e+00,5.742154202717323352e-01
1.394382350968711215e+01,6.658648254472176120e+00,7.338914291886874386e-01
1.425358743417902119e+01,6.669468569054258111e+00,7.466788512987967419e-01
1.438149967477598778e+01,6.673471938327944386e+00,6.733309994691715206e-01
1.397253409087644371e+01,6.658141308577401496e+00,4.759900352050738803e-01
1.344482367954719493e+01,6.639242147577312458e+00,3.826532476000487071e-01
1.329372068550901531e+01,6.633929226043575156e+00,3.729873725316587008e-01
1.356299829781314692e+01,6.643032675287039446e+00,3.224282229994905880e-01
1.393644369702193231e+01,6.656002275782631372e+00,3.178952012992054543e-01
1.403536947692313319e+01,6.660106439799317712e+00,4.398827442766458096e-01
1.360782036160160935e+01,6.645983817763312373e+00,5.793856876445390158e-01
1.315407019101084529e+01,6.629661595167986476e+00,4.884868864711789382e-01
1.338382378804923434e+01,6.638065047351373593e+00,5.516688908116725854e-01
1.386028259371697757e+01,6.655496698782130238e+00,6.922134881919645988e-01
1.388343362805978742e+01,6.655635888383729437e+00,5.780977323197005191e-01
1.339266915230990840e+01,6.637706647095462209e+00,4.425490885313684286e-01
1.139071362547011468e+01,6.567518552684133759e+00,5.047418230639079129e-01
7.934876048435719476e+00,6.442576819481921291e+00,2.826383147415374997e-01
4.806247944192443278e+00,6.328973749456697995e+00,3.604063310665188147e-01
3.609178789160813583e+00,6.284814677333096178e+00,3.947919745419725679e-01
4.210508986152317945e+00,6.306257446695039626e+00,2.643171258923827094e-01
6.308148438043299500e+00,6.382309710145692705e+00,4.658204823169576070e-02
7.687234140488836687e+00,6.433735364173854165e+00,2.422256308952770998e-01
7.466794154458277433e+00,6.425468581941450097e+00,1.994226090807046659e-01
6.172481636627577650e+00,6.379295625318683882e+00,3.587646499259892763e-01
6.150555302489610021e+00,6.379794691236099879e+00,5.729005215861867617e-01
6.881961876257722821e+00,6.404781841500570394e+00,2.922136422944832113e-01
7.309731281004150816e+00,6.420186745714361543e+00,2.617411300712775835e-01
7.721308678044223939e+00,6.435494306163401568e+00,3.233205885297488202e-01
7.680652952017005042e+00,6.433758896251013049e+00,2.813895294773948730e-01
7.779597300954883998e+00,6.437373312874524522e+00,2.885487994148920321e-01
7.875259337834672024e+00,6.440732157588456630e+00,2.711789729044408737e-01
7.711836176724256475e+00,6.434167820335860988e+00,1.635589330592920332e-01
8.904823828600642699e+00,6.477481892868699020e+00,2.091033884307510193e-01
9.617613534657628804e+00,6.504438395658585392e+00,4.485497284670986184e-01
9.806053761057347273e+00,6.509817533963026648e+00,2.167189236852166689e-01
9.158849764243752745e+00,6.487897388835610180e+00,4.263145054008026236e-01
8.873164872749695675e+00,6.477921103763017996e+00,4.767745403463019005e-01
8.328454014591903487e+00,6.457539637284999579e+00,3.449463158196395263e-01
7.735684803261678510e+00,6.436460192070673436e+00,4.006658755048233544e-01
8.417472596158113163e+00,6.463349226610775489e+00,7.775148449923274807e-01
9.366056459173798032e+00,6.498002280185812829e+00,8.818398373232885223e-01
9.196630165351072250e+00,6.491748093756134708e+00,8.477492543419257176e-01
8.951327372322152698e+00,6.482664644277106980e+00,8.022516292663010029e-01
8.399690568292275117e+00,6.461300400748636541e+00,5.419387407709709281e-01
8.469749189433409597e+00,6.463188511762944621e+00,4.376658670939282958e-01
8.398181600880560538e+00,6.460458897001236878e+00,4.087310466949795607e-01
8.265201720385110917e+00,6.456750015235473761e+00,5.912974412640799038e-01
8.145214006614072133e+00,6.452361810297863265e+00,5.831689930037154967e-01
7.717664466836469117e+00,6.437251063011665941e+00,6.368821274695988244e-01
7.822085055136772880e+00,6.441018758585037141e+00,6.407158567642865510e-01
8.481314785978966597e+00,6.465721916158380544e+00,7.929448077128956607e-01
8.174445946893008852e+00,6.453037639873484999e+00,5.200676483415663798e-01
8.056444449348152403e+00,6.448747020290672261e+00,5.139680910671897696e-01
8.135571073415354348e+00,6.451204371455404818e+00,4.462795886437159187e-01
8.100825358030828482e+00,6.450091676414032804e+00,4.706512782639648007e-01
7.688536873799212579e+00,6.433974663287933993e+00,2.686308718654007444e-01
7.239474257054841821e+00,6.420101247312300252e+00,6.702944807039584729e-01
6.671667643321621100e+00,6.399711878910296470e+00,7.179747067646669034e-01
6.468688488665971015e+00,6.391016147353106192e+00,5.013195376082837385e-01
6.421658803951239669e+00,6.390451359871333281e+00,6.966030713460088508e-01
6.120296782767835175e+00,6.379474743161625661e+00,7.034149633469777285e-01
6.132030680236477238e+00,6.379916880359261633e+00,7.043890755460404662e-01
6.275633969991766925e+00,6.384396764588696982e+00,5.745237164965468768e-01
6.195546424754970971e+00,6.381252573715992860e+00,5.383109887734914834e-01
5.920013235588619693e+00,6.371397159522533826e+00,5.776635233010871673e-01
6.098905386972168330e+00,6.376878702957393230e+00,3.995136034021820048e-01
6.149009485102176598e+00,6.377524459888191721e+00,2.032886251860744897e-01
6.261112949846053155e+00,6.382105868903709123e+00,2.831716668729363229e-01
6.404884988497034470e+00,6.388672312091614458e+00,5.000204799416410051e-01
5.915173072838791235e+00,6.372447039306263328e+00,7.838366485485581681e-01
5.586309849372820935e+00,6.360129797592600553e+00,7.381223968250726353e-01
5.441084237561732984e+00,6.354231178535486357e+00,6.470816156430377886e-01
5.152612312846620135e+00,6.343636567919427094e+00,6.513347257791567424e-01
5.153584318075673742e+00,6.342495777660461798e+00,4.578321104901726391e-01
5.272430545732020413e+00,6.346354261894486370e+00,3.710087073015493897e-01
5.418031524891878448e+00,6.352657879502724647e+00,5.267489442246493514e-01
5.665910319158315112e+00,6.362173915291282178e+00,5.931392363048949568e-01
5.818080159099823234e+00,6.366621333180203735e+00,4.030591828454738179e-01
5.741241581742742461e+00,6.363249523731021817e+00,3.116422065776987549e-01
5.619171436616109183e+00,6.358538691024931744e+00,2.742060908582721890e-01
5.642595576258017331e+00,6.359886520571374824e+00,3.540788025212872059e-01
5.485376949544872538e+00,6.354857271424855902e+00,4.791374607441236666e-01
5.067945048478240011e+00,6.340459375918042539e+00,6.414044549750391733e-01
4.607271033856076059e+00,6.323380177271680225e+00,6.306795328427939884e-01
4.328785941173428853e+00,6.313293165773371740e+00,6.673054789340141513e-01
4.390604937581344736e+00,6.314722417451338998e+00,5.256271812281774203e-01
4.698076760399398921e+00,6.325075406796347721e+00,3.556628459217933136e-01
4.831150316176068493e+00,6.329685382523839721e+00,3.044400677197280913e-01
4.928020886560394054e+00,6.332854905807633550e+00,2.366821040402953547e-01
4.661564544449823266e+00,6.322233368979653712e+00,1.123731484395292246e-01
4.141599118041124683e+00,6.302930265845752444e+00,1.082081614332284503e-01
4.040515792748843538e+00,6.299630370750132435e+00,1.831450077263366005e-01
4.463564591890284206e+00,6.315801106830225109e+00,2.587890548156974169e-01
4.789872811117525053e+00,6.327631306674521561e+00,2.163328665132324413e-01
4.605432076811572628e+00,6.320603473537961925e+00,1.830944159557494344e-01
4.312430729134564267e+00,6.310830306327606110e+00,3.624613703122962494e-01
3.907150035365521301e+00,6.294728478804025862e+00,1.913533083077274266e-01
4.039175142937058816e+00,6.299939736700404858e+00,2.408055594961305557e-01
4.439702430045782577e+00,6.314286014441874428e+00,1.537198989682092565e-01
4.122164027278698128e+00,6.304327989969255697e+00,4.522638035156941738e-01
4.078300184399389572e+00,6.302577984544334377e+00,4.331040015257665021e-01
3.917219021842165194e+00,6.295789032240071137e+00,3.025538340287901029e-01
3.555302069448644353e+00,6.283006982633098758e+00,4.179596177138729662e-01
3.284419263796100275e+00,6.272712769976199532e+00,3.894825585315134786e-01
3.269573529252109534e+00,6.271993978046731755e+00,3.623875048634737639e-01
3.474405633569936480e+00,6.278845484822993761e+00,2.323178136386320480e-01
3.716786316231513787e+00,6.287050116070315831e+00,9.352157781776479495e-02
3.866313076657661885e+00,6.292649069280454199e+00,9.747384693117322474e-02
3.638654179447729398e+00,6.283964508818367101e+00,6.578221159125763329e-02
3.143239510195529718e+00,6.266014703178321987e+00,1.600790534607735294e-01
3.142770912850048948e+00,6.264489391096787152e+00,-8.571406033507386613e-02
2.795030614352284282e+00,6.253440943462200252e+00,2.370679761713160860e-01
2.621771635655908206e+00,6.245699128072780937e+00,3.717283740690929816e-02
2.620254160529969845e+00,6.245586927458176341e+00,2.790361095191905283e-02
2.850132415368585637e+00,6.255291276175668713e+00,1.992239538186846570e-01
2.859842425894818074e+00,6.254803426211418937e+00,6.131100377864320827e-02
3.095543304486040981e+00,6.264177813221607494e+00,1.495108785257956707e-01
2.969199090579785150e+00,6.258396082212534850e+00,-2.151436076256090998e-02
2.644211427107594048e+00,6.248470219174885543e+00,3.490189053676721054e-01
2.674155797732793438e+00,6.247548757463585289e+00,1.674238826382636741e-02
2.337899318985204644e+00,6.235749087484845354e+00,1.558392505673294737e-01
2.247637697773282373e+00,6.233101530823967451e+00,2.755020462981125906e-01
2.312665739302861123e+00,6.235332106861042334e+00,2.433439053537634622e-01
2.241538703183949544e+00,6.232535975894042402e+00,2.257288762624888034e-01
2.596622604693747505e+00,6.246427162184287063e+00,3.056925290503791914e-01
2.861537719606342733e+00,6.254352936079222047e+00,-2.053275461876397437e-02
2.603900412687723875e+00,6.245517740867960299e+00,1.168351926063308094e-01
2.364201027224970719e+00,6.235937427444268266e+00,2.507654525828678302e-02
2.052298573627244771e+00,6.225592472270975009e+00,2.544896079040711578e-01
1.929225607224850814e+00,6.220286886657304670e+00,1.506902974133212392e-01
1.860815352006440992e+00,6.217759328564483212e+00,1.573077379317240898e-01
1.809116154374873053e+00,6.215490985738740370e+00,1.107209378499544039e-01
1.871004084704570358e+00,6.219069154811448286e+00,3.058667459948266609e-01
1.972624925450590094e+00,6.222141168864795624e+00,1.811369296520929095e-01
1.983992578660637163e+00,6.222476341748691908e+00,1.688414161667001478e-01
2.006451817209417232e+00,6.222506250234578040e+00,3.668902847630654829e-02
1.872753180628789815e+00,6.218084401353361379e+00,1.389691010535833160e-01
1.897373300096981019e+00,6.218791659047665732e+00,1.058076500111549689e-01
