# Flux, Flux Uncertainty, Sky Flux, Sensitivity Curve
4.598260566238710369e-14,-3.205873622045778925e-15,5.564353771949219185e-15,7.227753395011441739e+01
4.674220637254413654e-14,3.610806013414211222e-15,5.669313880893808504e-15,4.470718059700940472e+01
4.298631667567052520e-14,5.821422144580048562e-15,5.651601300830897266e-15,1.390077427989868752e+01
3.983708903102722234e-14,4.990752378430788083e-15,5.527999766888094339e-15,4.818032559661374670e+00
4.118610442502377866e-14,1.278927990880675858e-15,5.321816719870813736e-15,3.606479552011310119e+01
3.498025621326960367e-14,-2.824778310333237358e-15,5.057841168612014176e-15,2.626465439615175868e+01
3.717134996752397628e-14,1.239193365329707287e-15,4.759285223317894680e-15,3.730560382124807006e+01
3.771349577884742644e-14,3.126745256451699941e-15,4.446066166861546849e-15,5.146042098208328497e+01
3.775709780094494821e-14,4.868813364043984115e-16,4.134097276904899073e-15,9.117823459547162201e+01
2.862618863540897949e-14,5.597025365147275007e-15,3.835215972876131604e-15,1.251052329820801223e-01
2.585850408945341965e-14,3.342992142763363110e-15,3.557419351332222231e-15,4.880892218999895782e+00
2.570549979097804172e-14,4.819379211389831683e-15,3.305422872064118312e-15,8.983620851505962790e+00
2.811569979908913912e-14,-2.311260221687065755e-17,3.081274789342108937e-15,9.476224530210970443e+01
2.820031987324312699e-14,9.134356220489343709e-16,2.884899520610126409e-15,1.147332840212192480e+02
2.138051471701081191e-14,4.255520629989887946e-16,2.714799464299060359e-15,4.172875896782657179e+01
2.453598315283719603e-14,-8.302113272833340202e-16,2.568465229149402618e-15,1.176150483462895551e+02
2.093702175743186968e-14,-1.754836572029812828e-15,2.442875343788760107e-15,8.685095335445772946e+01
2.014176565473937131e-14,1.157440012077592721e-15,2.334795994160628258e-15,6.233934710638123278e+01
1.930180851227294634e-14,2.352532886147457215e-15,2.241049603938274151e-15,4.923558773692135304e+01
1.922455091063163324e-14,9.565510738819116805e-16,2.158714143856721610e-15,7.534035890920930001e+01
1.868519949258275435e-14,1.421771587940042920e-15,2.085192510175904750e-15,6.968988878074186744e+01
1.824375184319007101e-14,5.285537323367495728e-16,2.018327892868795812e-15,8.456998459726963802e+01
1.694082017754652485e-14,2.729597525829889041e-16,1.956393550903330122e-15,7.009011938092898220e+01
1.593672934947124215e-14,1.380848922988855862e-15,1.898055330271925456e-15,4.792262869711019135e+01
1.862508519951543426e-14,3.854113374480279117e-16,1.842382949260560080e-15,1.313946782596210028e+02
1.665694690339955740e-14,-3.527145246646769131e-16,1.788755898176020515e-15,1.062489798610565970e+02
1.617900868457711812e-14,1.843550973646367118e-15,1.736830903132201115e-15,7.785895295578629316e+01
1.646000372225464272e-14,1.239912529031212351e-15,1.686472468145106505e-15,1.032047917916318767e+02
1.552086301825613361e-14,8.699455253300267467e-16,1.637682030476111919e-15,9.705728605620603844e+01
1.803044149780866362e-14,-8.187599556535228677e-16,1.590568550257215980e-15,2.087390981255546478e+02
1.390906576008160312e-14,-2.377319236903660286e-16,1.545282047261798088e-15,9.222554550969233844e+01
1.543558906912470419e-14,2.501453022550457613e-16,1.501983999148757229e-15,1.421732732943956421e+02
1.527229161466977890e-14,6.410750770490448581e-16,1.460829123993612351e-15,1.418441102340817395e+02
1.541552374313751143e-14,7.089504788754213160e-16,1.421909924827204041e-15,1.597704383671203630e+02
1.457637886337395949e-14,-6.385045636131364673e-16,1.385289451859684930e-15,1.688773701509835234e+02
1.546302380870024858e-14,2.000360448561256396e-16,1.350949379678655247e-15,1.996417664282836881e+02
1.550395091323413767e-14,1.130472740725453948e-15,1.318823890307059858e-15,1.986054749995292070e+02
1.422285339917627356e-14,1.963619729138876485e-19,1.288791793903565833e-15,1.830158407988210740e+02
1.353844977484521974e-14,1.413794021181328386e-15,1.260672124433100734e-15,1.395392379460711823e+02
1.338386657580427930e-14,1.445541664565045282e-15,1.234255055766040703e-15,1.429731954968594039e+02
1.433248783703489974e-14,7.047766702680413218e-16,1.209291430595813736e-15,2.101510824446981189e+02
1.465078900263242189e-14,1.135465451848277356e-15,1.185527593794066162e-15,2.294179178091080757e+02
1.386270358161898354e-14,1.752900427402012301e-15,1.162697880537786129e-15,1.944917821127532989e+02
1.540432370018788807e-14,-1.075307021945276026e-15,1.140540696912693119e-15,3.493026982682661696e+02
1.459862360581317034e-14,5.619349053036578517e-16,1.118818040154523122e-15,2.826020948745216970e+02
1.446635271422128225e-14,9.764178649274399705e-16,1.097309096632492859e-15,2.784956999247039562e+02
1.488276786950335589e-14,6.091757666323300595e-16,1.075828511237813521e-15,3.298558981023421666e+02
1.468977379860286874e-14,1.832495732880599874e-16,1.054226575547236162e-15,3.478346218862687351e+02
1.356382570404299274e-14,5.149575348888660054e-16,1.032387131954743210e-15,2.887484665560367603e+02
1.458507535052671847e-14,1.095940821966162310e-15,1.010238918198872210e-15,3.569448668941369647e+02
1.332926796424822672e-14,1.600522684606299769e-15,9.877434650172880052e-16,2.823264962026312901e+02
1.423391579194620183e-14,1.105539286447949995e-15,9.649031381801759761e-16,3.763002084930560613e+02
1.433940162855138707e-14,5.396377270778617385e-16,9.417530482770532475e-16,4.231058460549355686e+02
1.425930353878608482e-14,7.494188493354519057e-16,9.183554083366619673e-16,4.423035413582495607e+02
1.394976914824433210e-14,-2.091640348200926718e-16,8.948019326701094848e-16,4.746969333614984521e+02
1.421950657036722148e-14,4.017941619914934635e-16,8.711980252367535235e-16,5.116690762897490004e+02
1.275021424695750567e-14,2.968774345274166760e-16,8.476656090566802559e-16,4.193353451720994371e+02
1.389026401493603628e-14,5.363117349441995442e-16,8.243379053775298795e-16,5.464946040337896420e+02
1.309958136553257529e-14,4.446625170994245692e-16,8.013459343068716427e-16,5.104434244219732477e+02
1.351176685620465729e-14,5.697980204121007112e-16,7.788242003615439608e-16,5.866600910865751075e+02
1.391015980035448455e-14,4.511550717145451183e-16,7.568972082480040661e-16,6.775339382718839261e+02
1.368268108663434537e-14,3.695014274175264938e-16,7.356812406914990304e-16,7.002596614110552764e+02
1.276528201063351946e-14,5.629536642596299186e-16,7.152798240425040929e-16,6.267527794511660204e+02
1.254088392951743293e-14,1.102759855817914083e-15,6.957771613361176336e-16,6.197539310829512260e+02
1.329553384233988630e-14,9.935215372667945128e-16,6.772478022501323625e-16,7.658151347759447845e+02
1.319923938581580405e-14,5.844738696776750853e-16,6.597390292829760473e-16,8.191143876903423688e+02
1.326392161000929997e-14,5.009995708286328408e-16,6.432843933172774209e-16,8.820226610291147153e+02
1.249722838467811323e-14,-9.228792536664157805e-17,6.278975027442249889e-16,8.394258203049220128e+02
1.214377292396559271e-14,6.707305403011259137e-16,6.135721499193606033e-16,7.916258190586574983e+02
1.207213912160073045e-14,9.420110377804867009e-16,6.002863382386218121e-16,8.092169795127991847e+02
1.191943042654801215e-14,7.756261574969162885e-16,5.880018088849482255e-16,8.332467533962200150e+02
1.182465174830946698e-14,4.750148406510071839e-16,5.766685232783280646e-16,8.690927367823461509e+02
1.161194116228283852e-14,4.379600666290916035e-16,5.662234630852072195e-16,8.700763684431876754e+02
1.155576222735899885e-14,5.393960020018560109e-16,5.565942449841089521e-16,8.887450166570021111e+02
1.173538674967428383e-14,8.569843184577190331e-16,5.477045785758722371e-16,9.399354879342382674e+02
1.131487322133439866e-14,2.276620958275105073e-16,5.394707794782968248e-16,9.264023260596432010e+02
1.172788847838366268e-14,-3.566674238062213213e-17,5.318090107082727865e-16,1.054042958302175293e+03
1.112008370898392345e-14,1.241016932783932397e-16,5.246337942527577340e-16,9.548708408743907512e+02
1.158879108674746586e-14,4.834328237370251440e-16,5.178646090762044922e-16,1.061210500000164529e+03
1.145492950790360711e-14,8.498170923050134318e-17,5.114230391355403657e-16,1.083689249326307845e+03
1.135305624400953289e-14,4.108495691922637131e-16,5.052346390641579199e-16,1.072639739020308298e+03
1.002985134332142077e-14,6.853249944592184445e-17,4.992351207757658082e-16,8.480294655231598426e+02
9.467238033383664181e-15,3.480544489064095650e-16,4.933653446050403382e-16,7.477124385324581226e+02
9.173669167925307633e-15,8.334006182118542568e-16,4.875763598570416321e-16,6.863293309685243457e+02
9.792867240501974101e-15,4.655486424894345784e-16,4.818267329011435392e-16,8.452694226888944513e+02
1.067175587458084392e-14,3.911645846361285325e-16,4.760853130302563924e-16,1.065513611065494842e+03
1.013086497781961429e-14,3.929789869374074398e-16,4.703265775628862336e-16,9.728140018255907080e+02
1.022343360342434253e-14,2.823436783346753800e-16,4.645385408012337129e-16,1.029093786587870682e+03
9.947527890131229901e-15,5.106004747665900282e-16,4.587129332737382223e-16,9.805338476797732028e+02
1.003356445588286204e-14,8.060240950789352785e-16,4.528509828299066330e-16,1.009323979165246101e+03
1.005675729799400742e-14,6.980629407048074902e-16,4.469598933121888918e-16,1.052098764164476734e+03
1.064942115431799976e-14,5.040614407478301663e-16,4.410505161479870160e-16,1.250477387825380902e+03
1.035331708303251277e-14,5.824919457144769125e-16,4.351428187609716667e-16,1.203623958509051590e+03
1.021334010838660708e-14,8.610561456164472065e-16,4.292558068594818865e-16,1.182124571361431208e+03
9.920300404294795250e-15,3.504337813053353545e-16,4.234112472053358330e-16,1.177668754067330838e+03
1.002595780853453598e-14,6.191004288942443641e-16,4.176352592740191814e-16,1.226072739006971915e+03
1.024914204939369132e-14,5.885655536744211386e-16,4.119516337472328437e-16,1.328004287254656674e+03
1.047955830825044747e-14,3.146702182157435116e-16,4.063846201649746932e-16,1.459436283981147426e+03
1.034212596517037012e-14,3.677530107158462182e-16,4.009562264044673966e-16,1.455478200654028797e+03
1.061558744299734709e-14,3.518810932185888416e-16,3.956872239606158366e-16,1.588724428506506683e+03
1.048320241230537420e-14,1.030962836418325932e-15,3.905955191068989108e-16,1.537369364098963615e+03
1.052070657677799658e-14,1.058176906820023331e-15,3.856938160847385362e-16,1.590670346813246624e+03
9.459568253130836209e-15,5.431413607139074224e-16,3.809958274327323912e-16,1.324159924996184827e+03
9.093465736131919756e-15,4.031516415175911384e-16,3.765071596398891846e-16,1.254446357037786811e+03
9.307772541555036256e-15,6.447535121931452695e-16,3.722290963529803687e-16,1.333973274786867478e+03
8.970462667647530537e-15,2.477768250810124008e-16,3.681629142497980800e-16,1.291320986495181614e+03
9.190883187367542942e-15,3.026156855197626150e-16,3.643019103835177201e-16,1.389493573908527196e+03
8.830332580680930913e-15,8.860395208758957411e-17,3.606381659945157244e-16,1.316056619814531359e+03
8.550536960900805054e-15,2.811414335313462530e-16,3.571602522604711853e-16,1.235796814655849630e+03
8.854546064510648479e-15,1.127708645507662940e-16,3.538518326976868531e-16,1.380822315792396694e+03
8.944814715165043342e-15,3.760562223321450236e-16,3.506972540796314068e-16,1.414844855723395312e+03
8.785335434273792914e-15,3.341615344510349110e-16,3.476761410160983692e-16,1.403642182252552175e+03
8.810945557111643515e-15,1.662057232895222901e-16,3.447681070284964810e-16,1.441324131779950449e+03
8.963799057278961179e-15,4.188741480712407397e-16,3.419512196646207088e-16,1.500662287439401098e+03
8.474062523353985540e-15,5.297014579875420153e-16,3.392042705456110007e-16,1.338713800155932404e+03
8.682947605954923277e-15,1.888271802474013675e-16,3.365037720524661492e-16,1.468030696438440145e+03
8.690000799580969960e-15,5.996912304822744172e-16,3.338306374320740734e-16,1.458894550314482785e+03
8.686140883937874730e-15,3.353633388437074367e-16,3.311641932890830935e-16,1.510257098925043010e+03
8.414053437276348562e-15,3.445781056380970791e-16,3.284851430790810732e-16,1.431189735647368252e+03
8.557690039381576851e-15,7.590660757646451860e-16,3.257791161132374546e-16,1.473661880770609741e+03
8.403382413481068885e-15,4.961161699518115074e-16,3.230315332935860000e-16,1.465866359450046502e+03
8.652967968184701920e-15,4.418093789513310469e-16,3.202304653687058899e-16,1.598171240286905459e+03
8.592229995913118718e-15,1.749017543821372159e-16,3.173686510191898641e-16,1.630346828216231188e+03
8.273441957257071699e-15,3.522889100702449578e-16,3.144405640055000019e-16,1.516928482322844275e+03
8.600393273065203764e-15,4.931041399795434659e-16,3.114430466948572342e-16,1.670239687457907166e+03
8.284432933239819261e-15,4.096134076004279015e-16,3.083765765166376670e-16,1.580300380255543132e+03
7.325813127379276320e-15,3.799724129250823816e-16,3.052451024203133383e-16,1.231367082387373330e+03
7.831243205384480590e-15,5.855934786084522035e-16,3.020545436105707261e-16,1.443408479065201846e+03
8.592139088503082189e-15,4.280399123203530172e-16,2.988126763409678201e-16,1.831731717792292784e+03
8.007988492775194978e-15,4.452145060431815437e-16,2.955309631620127779e-16,1.605345141678623577e+03
8.372198230052621920e-15,5.383388514440008123e-16,2.922223984636019830e-16,1.804569432579627119e+03
9.448289512501811256e-15,5.438872261875262149e-16,2.889013865250645245e-16,2.406954400314034956e+03
9.544032649675495078e-15,2.783596072393007217e-16,2.855829961257655017e-16,2.548419294039324541e+03
9.349489364831149560e-15,2.716356640520131829e-16,2.822835048987973142e-16,2.500649128515187840e+03
9.120525840998188181e-15,4.005983542159739658e-16,2.790209090212912177e-16,2.417016345614601050e+03
8.965723432855182893e-15,5.296514402315304539e-16,2.758117684995086739e-16,2.371298970774689678e+03
8.735872870448515516e-15,3.586872583017381400e-16,2.726730665979169372e-16,2.318743798419840004e+03
9.286884233812528444e-15,4.028234003134266504e-16,2.696215875733550329e-16,2.701596293160420828e+03
9.469869368738951712e-15,3.917767330173430918e-16,2.666727629447231437e-16,2.882898514558014995e+03
9.253497089478414555e-15,3.876480076631248604e-16,2.638407641059654709e-16,2.807318267272935827e+03
9.237088977997423510e-15,3.964234861622877925e-16,2.611380261961289843e-16,2.858670771382260227e+03
9.411084796548004434e-15,3.978786309802778251e-16,2.585753765710226533e-16,3.036442084495032759e+03
9.040577627270136092e-15,5.184433023314256471e-16,2.561627224350543223e-16,2.827498095257135901e+03
8.902586725444700582e-15,2.916160618837925081e-16,2.539058006160881248e-16,2.816593201950213825e+03
9.262503133883726678e-15,4.845015903685133088e-16,2.518108328802985928e-16,3.093532770937677014e+03
9.338405483865043968e-15,4.102119974512039231e-16,2.498790658214324301e-16,3.209039458422811549e+03
9.293439437634133474e-15,3.900560426696949698e-16,2.481113573174633597e-16,3.223636578450033539e+03
9.182414731857987510e-15,5.252346149786807525e-16,2.465065916908912622e-16,3.169035785712559118e+03
9.566408208680876560e-15,3.136743537607097551e-16,2.450590708131410599e-16,3.531032715192680826e+03
9.651301344930720871e-15,3.404851167651111616e-16,2.437645344987894465e-16,3.631412358783766194e+03
9.256424982440129533e-15,3.812439210540607487e-16,2.426142499345071761e-16,3.354948243124355940e+03
9.307175163647576850e-15,3.730175419493017671e-16,2.415993387344036697e-16,3.422395221336500981e+03
9.509619883657284701e-15,5.725025693844234020e-16,2.407081014167232056e-16,3.580274918347231505e+03
9.679437142312670269e-15,3.961846411717127665e-16,2.399291879387264066e-16,3.768541804483018041e+03
9.356767270208843514e-15,5.722407326828125708e-16,2.392489184698757292e-16,3.505755755388111993e+03
9.523928984298239111e-15,4.249474965461175676e-16,2.386544134528082273e-16,3.680328439808494295e+03
8.625265967280705512e-15,3.112164533783306537e-16,2.381304004103127500e-16,3.012502376886865022e+03
8.722342571767408918e-15,5.516182664595403838e-16,2.376633734911622970e-16,3.064090515221994337e+03
9.209639190026115682e-15,2.703167721156734868e-16,2.372389354025775417e-16,3.491551587287226084e+03
9.180045868700722128e-15,2.091793780836575922e-16,2.368433384036013742e-16,3.488700817309379545e+03
9.127921204890700960e-15,3.690753665390661177e-16,2.364634589496610097e-16,3.437586455413583735e+03
9.110784638756446827e-15,4.096220774604668360e-16,2.360862624882267824e-16,3.428503326021138946e+03
9.082103771601588712e-15,2.957115172958240129e-16,2.357013862809541239e-16,3.437087411873097153e+03
8.910295220769968203e-15,4.736742173177448241e-16,2.352980190302331328e-16,3.287698557031913424e+03
9.372413951519730731e-15,2.781544446058695926e-16,2.348674899657765187e-16,3.699583616025730407e+03
9.332258576771801481e-15,4.731071948058320669e-16,2.344027444764566549e-16,3.651965873164836012e+03
9.474607099579234288e-15,5.822887838066990458e-16,2.338967981548020793e-16,3.774305931151557616e+03
9.456360240524607145e-15,4.630656921462210638e-16,2.333468474431768313e-16,3.794726064194680021e+03
9.682219139734872465e-15,1.077296058090421655e-15,2.327491192657987207e-16,3.920327074190889562e+03
9.830116965708975555e-15,3.282991964826803781e-15,2.321024586314325452e-16,3.786907210038925768e+03
9.919268338501684395e-15,2.544523214307161208e-15,2.314072822334090360e-16,3.982479855919203601e+03
9.208643186164071454e-15,7.533700128543659332e-16,2.306655567156332554e-16,3.633352008047716481e+03
9.033734749868689468e-15,2.754142347581820843e-16,2.298797626483143733e-16,3.580796700774721103e+03
9.203635235246283036e-15,2.447814557283596027e-16,2.290548939067919237e-16,3.756501462611795887e+03
9.149429690459435067e-15,3.257019597381033951e-16,2.281953995659960742e-16,3.730266115436517339e+03
9.277619411292130871e-15,3.716492684116776420e-16,2.273076818102494716e-16,3.862404252056196128e+03
9.301712970244789547e-15,6.012412043403820854e-16,2.263985584445243666e-16,3.882350133587133769e+03
9.495543512840837836e-15,4.563515208670819195e-16,2.254757410722584414e-16,4.110769728978456442e+03
9.624039264250192663e-15,3.685595565162795533e-16,2.245458370654146344e-16,4.279320075308386549e+03
9.506721381908308700e-15,4.600058955002742907e-16,2.236173129181687699e-16,4.175550759973534696e+03
9.454725392992366889e-15,5.329706849450196841e-16,2.226975185277164533e-16,4.169179574547434640e+03
9.433608170546069440e-15,4.261701057223461373e-16,2.217936831582000280e-16,4.200871579255616780e+03
9.608702442965160583e-15,4.056448579337453411e-16,2.209124343685168007e-16,4.406118567636996886e+03
9.454572327819521102e-15,4.252597539256812235e-16,2.200607801739690267e-16,4.290015237960951708e+03
9.661231752630151289e-15,2.048487434870705847e-16,2.192437006673531907e-16,4.541926742273934906e+03
9.610649959516181440e-15,3.780998950606213374e-16,2.184661116417024367e-16,4.517781378642097479e+03
9.729206171966381823e-15,2.473750891486588311e-16,2.177309607391206265e-16,4.683962388035496588e+03
1.004882911729136857e-14,3.813595244733525500e-16,2.170416504094885710e-16,5.003483020173995101e+03
1.006533947100807083e-14,3.554214713351090654e-16,2.163987108328779993e-16,5.074761030743328774e+03
1.006412284123576423e-14,4.805766576265824172e-16,2.158031640578401478e-16,5.081686850278893871e+03
9.674166294181450959e-15,4.630158317759099383e-16,2.152532108438746458e-16,4.707200872926013290e+03
9.841811616966469487e-15,1.479217826829891258e-16,2.147475675030177706e-16,4.938720193387593099e+03
9.922517473947084296e-15,4.228739991699608277e-16,2.142826342296268113e-16,5.015276945894154778e+03
9.996423792525121813e-15,4.573969626229097079e-16,2.138539250454306695e-16,5.110443923146028283e+03
1.012115571305272501e-14,4.940737339480415364e-16,2.134565390178200064e-16,5.258937058285348030e+03
9.966630351640371503e-15,2.594740918564749887e-16,2.130842216143597233e-16,5.149953952378972645e+03
9.656940147818190856e-15,4.794335193794878690e-16,2.127303041191836270e-16,4.804076663660387567e+03
9.844411136899172326e-15,4.990620816172389969e-16,2.123872346683812567e-16,5.013457940584735297e+03
9.884932935189418656e-15,3.206030372158842691e-16,2.120470466595479647e-16,5.101865652237944232e+03
9.691264564398360628e-15,3.357355833796983027e-16,2.117013600354235970e-16,4.911157609781535029e+03
9.451354874930027985e-15,6.049763756620652046e-16,2.113427778931069575e-16,4.633152960411487584e+03
9.153940322548547430e-15,6.607879679750474086e-16,2.109621023994952222e-16,4.341568118255736408e+03
8.795975241392774819e-15,6.321532288483414096e-16,2.105520573877918963e-16,4.009735529529504220e+03
7.522818535936473053e-15,1.720531214963025648e-15,2.101049733901470160e-16,2.727354996312820731e+03
6.002373684046906022e-15,1.751758071922190392e-15,2.096141853361114490e-16,1.613431691121952326e+03
7.664704521610674956e-15,8.173205747333549871e-16,2.090726583020126986e-16,3.007609216914655917e+03
8.570466396199834232e-15,3.598583641632435948e-16,2.084752981323437487e-16,3.919131227437245798e+03
8.682107393127371080e-15,4.048600178435646348e-16,2.078175718672668074e-16,4.046644525824015545e+03
8.981691945237114882e-15,6.508540629524445393e-16,2.070968787361989254e-16,4.335165483727357241e+03
9.178998533634778115e-15,4.685566658104901639e-16,2.063098114734195617e-16,4.604549965099591645e+03
9.110187344447991738e-15,7.091513288000323722e-16,2.054557931643416351e-16,4.534880800777899822e+03
9.089862944661907643e-15,6.789601651710833828e-16,2.045347827253084556e-16,4.559985103708759198e+03
9.185861294993472471e-15,5.507272247023932345e-16,2.035490549124467655e-16,4.727777807487291284e+03
9.115370970769262712e-15,5.187133677672119262e-16,2.025000312654134361e-16,4.710888537238152821e+03
9.542746539505766548e-15,4.309331988173160640e-16,2.013931633237610014e-16,5.257531842720844907e+03
9.532782392850612606e-15,5.290523310616872292e-16,2.002320985452115052e-16,5.291034446385008778e+03
9.489304028905980734e-15,5.827742389457309129e-16,1.990239643210245875e-16,5.298015779439830112e+03
9.501732236964467447e-15,5.330633783974662570e-16,1.977762096171190362e-16,5.392323960562893262e+03
9.614194427085318431e-15,3.902300950477852150e-16,1.964957134771628128e-16,5.626476281967619798e+03
9.621689738941143174e-15,3.636036963835901991e-16,1.951926443087143499e-16,5.716663845471617606e+03
9.674754417980071630e-15,3.376888050340912047e-16,1.938756512435103134e-16,5.867539963502845239e+03
9.812481200768496689e-15,3.482522857976811802e-16,1.925552815080141451e-16,6.127128025127856745e+03
9.747914375595159531e-15,3.397395809513977580e-16,1.912413842947594596e-16,6.129377991040124471e+03
9.725058773091387845e-15,3.604245479181453538e-16,1.899443772052270967e-16,6.184786283278414885e+03
9.764592333231367489e-15,2.823648359620359250e-16,1.886743953711550027e-16,6.315251071061413313e+03
9.748760950473950884e-15,2.319126173393611750e-16,1.874421265615849524e-16,6.390291180289794283e+03
9.737542389701681621e-15,4.135386121348128321e-16,1.862567572873969180e-16,6.445530259363436926e+03
9.498767728525112461e-15,6.112234290470165577e-16,1.851272542250406126e-16,6.163561308751096476e+03
9.474294393840996455e-15,2.244148362700914974e-16,1.840627943769024533e-16,6.277005661819374836e+03
9.113134252678571543e-15,4.194235117730535610e-16,1.830703723592031854e-16,5.819898988932037355e+03
9.591227231020426251e-15,3.476438765197903871e-16,1.821572866090705576e-16,6.550330822423676182e+03
9.734830157267945552e-15,4.337260517140442428e-16,1.813279757038562861e-16,6.802882200296043266e+03
9.444550649465145883e-15,3.318606019695283866e-16,1.805880762665583316e-16,6.463478548118570870e+03
8.212820111641386815e-15,2.807173104209850835e-16,1.799400789940370120e-16,4.882982112256832806e+03
7.996012811531711326e-15,4.775343086414629004e-16,1.793861660900078333e-16,4.607718919941515196e+03
8.465910068859231725e-15,2.520066254212848980e-16,1.789270534714219493e-16,5.267901157935661104e+03
8.106059162823288191e-15,2.984976627149862861e-16,1.785616290173902109e-16,4.822092645040639582e+03
7.982578836581695942e-15,4.712253154191313863e-16,1.782881484025811431e-16,4.653219888708052167e+03
8.130367327402987172e-15,2.362741574146079097e-16,1.781034533760022718e-16,4.891423843899039639e+03
7.720587176537038684e-15,3.236341422874150404e-16,1.780033598435267719e-16,4.384297925424337336e+03
7.501649278824752716e-15,6.178257338384554684e-16,1.779822535493950368e-16,4.070315154129026268e+03
7.602201117301542072e-15,7.914478847332414176e-16,1.780338511316441934e-16,4.151622790343469205e+03
7.646638805666850315e-15,3.466360658513517216e-16,1.781507827962506514e-16,4.261959206696311412e+03
7.941738255158495433e-15,6.719204120432031953e-16,1.783253453375713116e-16,4.564610939060742567e+03
8.118413328812596614e-15,4.883157760909089284e-16,1.785486899754936923e-16,4.804983888518047024e+03
8.398469669763188921e-15,4.618494558175290968e-16,1.788123608687833466e-16,5.147017575662532181e+03
8.427176095741920245e-15,5.259628324712560326e-16,1.791070962361312047e-16,5.154616395641642157e+03
8.875738413630531579e-15,1.493297929203651824e-15,1.794239861082241055e-16,5.543776814824189387e+03
9.035321273920405223e-15,1.424540442163406255e-15,1.797536726738739824e-16,5.745049054334479479e+03
9.294841828938366623e-15,1.124641016008045793e-15,1.800879195658815248e-16,6.138239951378474871e+03
9.583039941307185537e-15,3.617426529163057654e-16,1.804180337231960991e-16,6.665157250690604087e+03
9.556402719381889558e-15,4.802073559128877370e-16,1.807368461219989416e-16,6.582313285165062553e+03
9.739313968678744918e-15,5.366357651864838115e-16,1.810367413038319415e-16,6.784683653078153839e+03
1.008439483250904043e-14,4.780863304469544036e-16,1.813124473078059817e-16,7.308426216355279394e+03
1.010121298622072691e-14,7.847589032852968872e-16,1.815586691572691184e-16,7.223565084777595075e+03
9.664442094087984627e-15,8.009458382748323834e-16,1.817716932277857254e-16,6.595765427610804181e+03
9.504194802445277357e-15,5.207251982617797638e-16,1.819486051129631393e-16,6.410355544411845585e+03
9.126081002001193385e-15,2.425988889223624501e-16,1.820872996814429136e-16,5.936724528638008451e+03
9.076712879410043471e-15,4.257869012138621619e-16,1.821884894488010035e-16,5.827733152044176677e+03
9.649585309593603253e-15,5.382399176005614842e-16,1.822525120019461540e-16,6.591444445525513402e+03
9.975798922576933567e-15,3.153205636191269021e-16,1.822809292162835831e-16,7.104468852307954876e+03
1.017594428190458343e-14,3.026050383650611282e-16,1.822777270551529447e-16,7.401681819255829396e+03
1.022857651904557778e-14,4.119896405621473405e-16,1.822469091304956612e-16,7.461645756428672939e+03
1.020544221320514504e-14,3.158908696549127306e-16,1.821940905242376985e-16,7.448275654169833615e+03
1.030198313008843806e-14,2.907191561139533666e-16,1.821248893163787565e-16,7.605501709159536404e+03
1.044287072174684717e-14,4.281384629236427824e-16,1.820465197054141244e-16,7.796839355055355554e+03
1.043541530131011448e-14,3.720726145736129615e-16,1.819665854768818248e-16,7.808685892804513969e+03
1.071756001186664188e-14,6.009164189070213475e-16,1.818930769856076386e-16,8.211063468236397966e+03
1.051699561672885603e-14,3.061147679341591029e-16,1.818335728478057025e-16,7.961783812691960520e+03
1.048513337849887996e-14,4.282834381401823201e-16,1.817972409696918798e-16,7.888908745212704162e+03
1.035060484330571819e-14,6.361366906246174252e-16,1.817916520943451561e-16,7.640537912955394859e+03
1.076279673495328077e-14,2.852600140649895190e-16,1.818251879238382672e-16,8.369449736277374541e+03
1.091624387223149359e-14,4.575437238971793132e-16,1.819054594880132839e-16,8.555646646940687788e+03
1.096296791347987402e-14,5.931379901227642866e-16,1.820389244445046038e-16,8.587754135479846809e+03
1.111477476598832329e-14,3.570701266663095384e-16,1.822321023707992477e-16,8.863662248401225952e+03
1.093318240126333417e-14,5.808580171492673118e-16,1.824899918633815675e-16,8.500500236079831666e+03
1.096759651305287909e-14,6.692951258491353406e-16,1.828164800226750902e-16,8.507789896457594295e+03
1.073251984736986629e-14,5.680515815968554762e-16,1.832155544985782990e-16,8.116888004444162107e+03
1.061480296409296526e-14,7.273703110072011044e-16,1.836884946006106028e-16,7.861535571895990870e+03
1.086359129337500811e-14,5.270905050590871211e-16,1.842354629447432029e-16,8.236363239085381792e+03
1.086026110242529062e-14,4.290307518735841964e-16,1.848563012289853722e-16,8.193079430619101913e+03
1.075653304501964571e-14,3.947864600397480860e-16,1.855484850115276779e-16,7.979322492536637583e+03
1.079329286404855031e-14,5.284576889319706218e-16,1.863091171887079190e-16,7.946481835625437270e+03
1.061121878949191827e-14,3.106820109070224915e-16,1.871328533625608761e-16,7.642069201636418256e+03
1.069990512421743583e-14,4.472839652544996613e-16,1.880138960553453775e-16,7.594565761482447670e+03
1.070648076257152271e-14,7.072895769617952874e-16,1.889455508471704526e-16,7.556471405536020939e+03
1.052049582499045994e-14,4.341656326407688365e-16,1.899197697844303023e-16,7.260179396834963882e+03
1.036909560846716873e-14,3.105775263876047663e-16,1.909279387456908026e-16,6.992164629509807128e+03
1.042216583298125314e-14,3.777289090717571602e-16,1.919600058053488785e-16,6.977358952696458800e+03
1.051156322033397390e-14,2.724275725250929402e-16,1.930069757086338566e-16,6.972813256344547881e+03
1.013558935014368826e-14,3.645779032516381413e-16,1.940575252129495686e-16,6.445159401201532091e+03
1.006681981668177630e-14,1.554439950126781909e-16,1.951022250234957032e-16,6.332577805483048905e+03
1.028826747856595727e-14,4.466202595894742214e-16,1.961301520086651009e-16,6.486943195148787709e+03
1.016345585221918449e-14,3.563767604902608083e-16,1.971318916427901053e-16,6.277317545075874477e+03
9.555723781552785034e-15,2.415978119368096883e-16,1.980978528745789371e-16,5.489164974376805731e+03
9.729216032490215244e-15,6.789335623423144157e-16,1.990195939694065509e-16,5.566166859620368086e+03
9.866878144449574912e-15,4.528476214856288936e-16,1.998898705533360825e-16,5.720711900699679063e+03
9.750142011205481167e-15,3.263324894072203975e-16,2.007004787756563696e-16,5.557126895354727822e+03
1.008738646697721109e-14,4.966600335650182927e-16,2.014480088633078026e-16,5.886056864261105147e+03
1.152174964243953340e-14,4.692905461433087118e-16,2.021268501362510379e-16,7.700594753451621727e+03
1.002211074657514749e-14,2.537810934218712399e-16,2.027358452126097242e-16,5.774710185829680086e+03
9.724779410796264693e-15,2.864213440453548798e-16,2.032730106729199700e-16,5.390783312825938083e+03
9.450993932373202293e-15,4.724417742876022160e-16,2.037395560675039956e-16,5.023575839173322493e+03
9.808078462081158738e-15,3.433547614969528853e-16,2.041363338985477784e-16,5.429458341753110290e+03
9.596201573111102269e-15,3.901563888414298395e-16,2.044687696157482660e-16,5.162428720055220765e+03
9.742904741466014911e-15,6.106641835513264490e-16,2.047410424916185595e-16,5.273770195928213070e+03
9.701213569003203117e-15,6.326030185939173749e-16,2.049601119766272110e-16,5.213012615551039744e+03
9.667451921735947771e-15,6.011429887692804472e-16,2.051339146698393543e-16,5.169953881225370424e+03
9.570070140355372860e-15,4.624370002941791730e-16,2.052713500430661445e-16,5.094677655433285508e+03
9.148333766917026868e-15,8.304455658659855922e-16,2.053827176407066054e-16,4.557817888331087488e+03
8.555204150912102181e-15,7.753548515405687114e-16,2.054779013759156567e-16,3.957142611000646866e+03
8.970588586186330789e-15,2.368784798666698291e-16,2.055695178843133052e-16,4.462189827961156880e+03
1.054325176854880829e-14,5.315063459971443431e-16,2.056679495741614907e-16,6.174072443944682163e+03
9.260211512052762385e-15,3.958948410439510855e-16,2.057854067962261750e-16,4.726769783472082054e+03
9.556094536752911459e-15,5.201581130432949152e-16,2.059327748701310064e-16,5.020043787472922304e+03
9.840716211123083308e-15,5.153172326122635499e-16,2.061214332750241598e-16,5.326683971722803108e+03
1.021033649314329596e-14,6.986662522009219807e-16,2.063614643924447440e-16,5.708667394688270178e+03
1.076503483827759679e-14,4.483525815227566521e-16,2.066616694955143640e-16,6.397194574052123244e+03
1.105093477727428344e-14,6.368158080481086699e-16,2.070304933374371786e-16,6.700086840632086933e+03
1.106577197311149420e-14,6.115634557067168102e-16,2.074742242728564910e-16,6.690437173988485483e+03
1.125114375419392867e-14,3.934019885379527881e-16,2.079983650577050531e-16,6.928160874305959624e+03
1.130086227957748371e-14,4.228885504832504412e-16,2.086062684240148744e-16,6.945595242315577707e+03
1.139378058894635657e-14,4.957086615359280261e-16,2.092991201452478355e-16,7.000542598136528795e+03
1.141767870245113916e-14,2.956249557005072066e-16,2.100772928380127459e-16,7.015043803308280076e+03
1.142155373514654403e-14,4.444877375114938649e-16,2.109389409154425620e-16,6.933109893856032613e+03
1.175697042150185996e-14,4.015689101466709699e-16,2.118794833790645100e-16,7.302086471899492608e+03
1.185369424192825567e-14,2.647683488664474191e-16,2.128943327400604838e-16,7.376282174292149648e+03
1.214036979462643150e-14,4.154156496576364358e-16,2.139755874152902511e-16,7.639581564169744524e+03
1.257475709596575485e-14,4.673067945715098663e-16,2.151147607264750629e-16,8.113913600803493864e+03
1.299524474273428741e-14,4.342724988043780538e-16,2.163017930789293714e-16,8.590522992469183009e+03
1.258353619976185320e-14,4.132880935090762141e-16,2.175259442889861293e-16,7.953693429062399446e+03
1.194593809969369927e-14,5.180883889317669609e-16,2.187757588474554834e-16,7.044651542594957391e+03
1.217341887669956208e-14,5.255641349366055103e-16,2.200380692987825761e-16,7.236999308679347450e+03
1.237256967103480078e-14,4.156007793237671783e-16,2.213013455731728947e-16,7.417104926630524460e+03
1.159800335365280357e-14,2.370420444480378494e-16,2.225523254238073003e-16,6.444377860814500309e+03
1.164682196639777459e-14,2.744085283705594079e-16,2.237794164606071422e-16,6.421139317944246613e+03
1.213683085528691925e-14,4.029932205014433086e-16,2.249712778761993860e-16,6.893397724223475052e+03
1.217458089929489931e-14,4.422409605148942345e-16,2.261178415858448675e-16,6.859462316987714075e+03
1.116758241604243579e-14,4.744269989742329708e-16,2.272103686627297290e-16,5.671923900633899393e+03
1.101880027208914650e-14,3.797442053177788756e-16,2.282410040394134963e-16,5.482592850262480169e+03
1.144141878416185962e-14,3.912291277937445443e-16,2.292043292854093791e-16,5.873814617300782629e+03
1.172463571880634096e-14,4.786058784971694423e-16,2.300969277457631984e-16,6.116931898463992184e+03
1.161293688592655765e-14,7.044729945294020096e-16,2.309164215458687578e-16,5.918049115779197564e+03
1.167956211480002812e-14,5.296063311078992421e-16,2.316635321199352532e-16,5.977976197873396814e+03
1.186276843758005515e-14,4.562440109494068811e-16,2.323406001391375462e-16,6.143621287177716113e+03
1.193875273105344139e-14,1.636593553027422083e-16,2.329526250177486697e-16,6.238389273477130700e+03
1.163080413800956394e-14,3.595292708786767424e-16,2.335057486644247616e-16,5.854074584298149603e+03
1.205824877706719273e-14,2.358854451240854093e-16,2.340077659109093607e-16,6.298558579820657542e+03
1.271478342819305776e-14,3.724128275771545454e-16,2.344686390230307155e-16,6.972603557857843953e+03
1.265459942641802903e-14,6.519392622048246515e-16,2.348994686017776486e-16,6.838357454952796616e+03
1.266183090054798058e-14,1.385423885648802427e-15,2.353114534771634394e-16,6.712291292764578429e+03
1.282639817203732387e-14,1.267627973119925180e-15,2.357184670565821649e-16,6.887818089580509877e+03
1.313567325857443301e-14,5.296687812977329960e-16,2.361318883548698359e-16,7.328775457790668952e+03
1.340820013456441429e-14,8.161375193267972834e-16,2.365642156770728292e-16,7.566681082097697072e+03
1.333948559689812728e-14,9.913003562427871394e-16,2.370285621706201915e-16,7.437332539962568262e+03
1.342014896157169762e-14,1.149818137822619612e-15,2.375345018935084658e-16,7.469774446133258607e+03
1.362094144905742062e-14,8.466180702764672415e-16,2.380927535482955996e-16,7.713102718997387456e+03
1.364762160833247544e-14,8.701154147782053112e-16,2.387115433864826454e-16,7.700822939734296597e+03
1.382210322254957293e-14,9.895042088987657929e-16,2.393971188583231561e-16,7.841720577171749937e+03
1.429117089159188393e-14,1.015607220272860930e-15,2.401537371878198683e-16,8.344614453287040305e+03
1.426271981665280953e-14,1.001774084538935019e-15,2.409836464974107487e-16,8.253318507758594933e+03
1.405531735359715314e-14,1.139182352429711187e-15,2.418875893839333687e-16,7.929229230037798516e+03
1.438345513103468783e-14,8.004238098297998107e-16,2.428637100464754825e-16,8.296781735621407279e+03
1.458778742798614855e-14,1.010942755070569438e-15,2.439080335032423982e-16,8.436161697039906358e+03
1.467389197572150119e-14,1.345528257294246846e-15,2.450149481913849211e-16,8.412491988790952746e+03
1.433497758716323934e-14,7.248394381766948076e-16,2.461782367199103017e-16,8.024545390711393338e+03
1.488733809718767911e-14,3.909999717431062021e-16,2.473905044302856605e-16,8.635496034927420624e+03
1.506281512062577079e-14,8.576410337026694108e-16,2.486436833606753122e-16,8.687992076567201366e+03
1.491361283719502446e-14,6.730110855577643656e-16,2.499290037397099331e-16,8.446966788834988620e+03
1.472227480710212422e-14,3.133412808213687250e-16,2.512408289120107946e-16,8.191356863682302901e+03
1.520367466091704641e-14,7.064690467590728410e-16,2.525722956937650652e-16,8.596988172898261837e+03
1.534815859317208303e-14,7.079492283108972783e-16,2.539191823097595284e-16,8.673328736609029875e+03
1.529928398452334545e-14,4.977301907908999818e-16,2.552799782306454187e-16,8.550659521098858022e+03
1.494842494990774423e-14,4.982729819940316800e-16,2.566559570960220147e-16,8.063686408868695253e+03
1.533236249614057697e-14,5.920674346853744074e-16,2.580512521575171657e-16,8.388163506381479237e+03
1.528620491638807302e-14,8.468759961375570471e-16,2.594735045266470843e-16,8.206376535291024993e+03
1.519525386376466852e-14,6.333369551563930635e-16,2.609345353022762184e-16,8.043178375962976133e+03
1.536040138429909061e-14,7.250276438104593843e-16,2.624487415351965228e-16,8.115860662942055569e+03
1.551421339716276738e-14,5.646018774346460306e-16,2.640343454102383175e-16,8.201326220793516768e+03
1.550303365093597235e-14,3.079811172294761005e-16,2.657123703746744665e-16,8.121679372632122067e+03
1.547582792229457317e-14,6.073090052506376593e-16,2.675067748906538413e-16,7.941495902182671671e+03
1.584436294127754014e-14,9.839651489216430955e-16,2.694416594417739134e-16,8.161484620343673669e+03
1.597063056066071877e-14,8.436569547634822862e-16,2.715425491059511541e-16,8.185301076858085253e+03
1.560570395198386647e-14,5.353643592738684167e-16,2.738347475132529989e-16,7.709876985732036701e+03
1.592104053347633997e-14,4.572223876341282709e-16,2.763404095954728623e-16,7.894747770347029473e+03
1.621591565663853689e-14,7.122152935925459506e-16,2.790809607247383619e-16,8.003887954708286088e+03
1.601904693908518838e-14,6.434417860457455045e-16,2.820722080285964277e-16,7.644534600276066158e+03
1.659459034854362438e-14,9.415479862128940077e-16,2.853234879370258679e-16,7.990788578253716878e+03
1.628152591651820232e-14,6.734939070151113711e-16,2.888411245018911071e-16,7.524989157496484950e+03
1.246476912068455078e-14,3.997405910332709239e-16,2.926205208865319581e-16,4.235027276226821414e+03
9.103595548722701537e-15,5.476003901616898542e-16,2.966518928010680771e-16,2.097524482965926381e+03
1.198529700633734157e-14,8.066200443338694551e-17,3.009171642079055879e-16,3.716214698973768463e+03
1.304283239714862926e-14,2.815369234527093834e-16,3.053905905937844393e-16,4.272535474961749060e+03
1.225480852487000786e-14,8.132421382343897510e-16,3.100407926255832151e-16,3.577346258160447178e+03
1.331902903825279140e-14,3.897132507766952724e-16,3.148302388851132228e-16,4.177902896427849555e+03
1.393346363587115246e-14,4.484011428527402784e-16,3.197182431861646432e-16,4.438823897745332943e+03
1.433504059548321775e-14,4.651241691214452068e-16,3.246650269218884784e-16,4.561330098485607778e+03
1.531258066727932356e-14,3.374356169394896915e-16,3.296326080664494792e-16,5.083602533875158770e+03
1.645214258117008689e-14,3.924759868966976215e-16,3.345872827417158322e-16,5.712981911162926735e+03
1.592669035940048858e-14,8.076542276078385156e-16,3.395083113087498016e-16,5.141505175860609597e+03
1.526425577253674162e-14,6.459427045333217277e-16,3.443852363399175026e-16,4.582529509697829781e+03
1.665938490728425842e-14,1.450272670600304324e-15,3.492256055665160310e-16,5.263870486348759187e+03
1.676357962515737874e-14,1.381027473955677082e-15,3.540578053050221204e-16,5.190201914209668757e+03
1.639128484847539761e-14,7.729143202774771710e-16,3.589324331232289111e-16,4.867677824327487542e+03
1.653737927413443407e-14,8.872824448541398621e-16,3.639245170928033918e-16,4.807360169969236267e+03
1.655165159983112891e-14,1.107917091982968529e-15,3.691343395064762941e-16,4.655644914099759262e+03
1.701574348232257930e-14,1.261247953257670240e-15,3.746835835185332733e-16,4.771496926625695778e+03
1.698719921659831005e-14,8.566996315916338310e-16,3.807148217744993645e-16,4.634273235559958266e+03
1.745936757007191334e-14,7.855103134353529287e-16,3.873837878153247669e-16,4.740439130473975638e+03
1.714046369622675699e-14,6.148806213450003801e-16,3.948530953244488086e-16,4.397231771551832935e+03
1.634172326078191442e-14,1.175280441095958696e-15,4.032820946128606782e-16,3.761940123180160299e+03
1.666456869382689162e-14,1.516250645922247836e-15,4.128146309949741386e-16,3.710122671864897256e+03
1.687887939108896368e-14,1.460358824420596598e-15,4.235665482120357910e-16,3.614697489384725031e+03
1.725680733895167737e-14,1.231402230585087528e-15,4.356112839744409933e-16,3.588673336917182041e+03
1.773572256969570531e-14,6.735128569026933082e-16,4.489695748334623457e-16,3.609863218782151307e+03
1.860131467012152172e-14,7.721410090050898841e-16,4.635979533475230214e-16,3.725917581667968534e+03
1.841443084892239350e-14,2.033602379867339349e-15,4.793793489941312796e-16,3.314823900093640987e+03
1.838410686889597362e-14,1.695367523933815662e-15,4.961281095502405028e-16,3.092915944806882635e+03
1.874288236505373892e-14,1.074413753286521690e-15,5.135928543999029663e-16,3.036264068935151954e+03
1.981443336429025453e-14,1.540847413389303856e-15,5.314751224614238150e-16,3.151540040068821781e+03
2.101498100779017457e-14,1.056753853788791801e-15,5.494585316977398253e-16,3.358991219462442587e+03
2.133032146247626712e-14,7.650889701206010175e-16,5.672501807534912071e-16,3.259554856543755250e+03
2.167045526281290205e-14,1.481087908886728680e-15,5.846285706488554072e-16,3.124485232425805862e+03
2.074408953011871005e-14,1.948360940366287247e-15,6.015108551605639894e-16,2.653271212689344793e+03
2.090174054238846277e-14,1.421404472920077668e-15,6.180033502846578665e-16,2.570882078877564709e+03
2.214858505844084300e-14,1.003569225438060769e-15,6.344518698087150785e-16,2.776825688129420541e+03
2.215050505676963943e-14,2.490674922914043509e-16,6.514483174576891222e-16,2.664857100265114696e+03
2.158588104083882048e-14,6.080068495052999704e-16,6.697775637094258800e-16,2.362005719765837057e+03
2.407522048668172984e-14,9.093209416973215851e-16,6.902575924280720948e-16,2.781023637380734272e+03
2.370951576638770921e-14,1.380816825725359774e-15,7.133786732197683355e-16,2.486609047398385883e+03
2.343352195766667038e-14,7.466615860499576919e-16,7.387181592467648788e-16,2.280603143474352692e+03
2.488009951964898670e-14,1.721776829381725260e-15,7.639219892415255565e-16,2.373186263085337032e+03
2.512988193902433217e-14,1.066085765920494483e-15,7.831820484297312129e-16,2.325368394119293953e+03
