# Resampled Count, Count Uncertainty, Sky Count
2.790502371218736233e+00,6.343857035555006796e+00,1.244188166139773982e-01
5.501108237232336329e+00,6.349906208122121143e+00,-3.828211953351188124e-03
2.742280194241318636e+00,6.263226622108731156e+00,1.592342623424883655e-02
2.719357278495261987e+00,6.283013056658299789e+00,4.699958379600271963e-02
4.330685283327552204e-01,6.305094548286430900e+00,1.926840501464746336e-01
1.424268625442311365e+00,6.324099114750652006e+00,1.682038910555027911e-01
6.242420909875261437e-01,6.349562119386812142e+00,2.429154162334801748e-01
2.120896066608907726e-01,6.215277318994867350e+00,8.341120033768689712e-02
2.624508653583958573e+00,6.296587309434809043e+00,6.997320226292171041e-02
2.793494192157871758e+00,6.268930059056518012e+00,2.550460629562794831e-02
2.186987369609127541e+00,6.251192013180371099e+00,2.968206743198542955e-02
5.459480039961492004e+00,6.355296025636202550e+00,3.017236711635973203e-03
4.945074903446642800e+00,6.359356818744434925e+00,3.420404718180818787e-02
2.842250257324848040e+00,6.367049267270721735e+00,1.537261504509375709e-01
4.908102744148538754e+00,6.383754838879224458e+00,7.502720421401409823e-02
4.735661005687651581e+00,6.256129636126403604e+00,-9.247638925504911289e-02
3.425203203198914359e+00,6.263588029231188514e+00,-1.562824518051425873e-02
5.209507364090275594e+00,6.397876392858333539e+00,8.109201674004190563e-02
8.173144432765889533e+00,6.409582304624589888e+00,-5.403605105833683003e-02
3.880405186335766032e+00,6.290386036571331552e+00,-1.469931961692485210e-02
1.713473844843375504e+00,6.181626165766752834e+00,-9.647296231130962629e-02
4.358888650360821515e+00,6.238405951038121344e+00,-9.871251803900703281e-02
3.108773679475520080e+00,6.280151355191814666e+00,1.984015478730053253e-02
5.306547787340361033e+00,6.441515656912518928e+00,1.340706995901814191e-01
7.168691047429657459e+00,6.392015738486376719e+00,-3.198876008692617262e-02
4.593213717806154395e-01,6.272769186396620178e+00,1.472865465627506698e-01
6.308344211825295922e+00,6.406370820848524161e+00,3.397437150875042000e-02
4.513209918014188027e+00,6.356369037136171407e+00,5.737758651379479269e-02
5.284148461855646683e-01,6.295728072109567641e+00,1.750821031091032154e-01
1.179979696292462243e+01,6.593355710988643814e+00,1.664458750441040469e-02
2.836929724767943473e+00,6.292167053176019209e+00,5.088801497419156300e-02
3.990874889778918799e+00,6.318968388380670653e+00,2.694746278906911749e-02
3.489705919941684442e+00,6.234444614258705997e+00,-6.670707965794459016e-02
1.071924185928626372e+00,6.199642491280189738e+00,-9.066757496569929908e-02
7.305733885530061311e-01,6.172078207228277158e+00,-6.812918368004858283e-02
1.700239661669993296e+00,6.291123748872803567e+00,1.020461432047955197e-01
1.641957824770329477e+00,6.309640399328079852e+00,1.322867235322230384e-01
1.078693847802236316e+00,6.210901377671467216e+00,2.951024913078496154e-02
6.579965641203282978e+00,6.342542545284509892e+00,-6.538128766515387269e-02
1.119435620085199723e+01,6.529445611931077309e+00,-4.177166494033049404e-02
8.536063805882736943e+00,6.520755603206338513e+00,8.162369865141924641e-02
4.122507329522905550e+00,6.439741160149144328e+00,1.887873270525115832e-01
8.553575602778383524e-02,6.348842477107756288e+00,2.675539714073555397e-01
1.703755984018080705e+00,6.328474183252833285e+00,1.581784123781077023e-01
3.844855820550302727e+00,6.291936599179613232e+00,1.503183609213670129e-03
5.353904310433380553e-01,6.211222779536206495e+00,5.863373832097230204e-02
8.569385449353875694e-01,6.289374288749821851e+00,1.422616980767874850e-01
8.724217672534261281e-01,6.185612508501417750e+00,-1.728608070893860801e-02
2.142716797956887742e+00,6.320378829805870069e+00,1.234266590250689133e-01
4.666958130272709226e+00,6.356630938330027014e+00,5.130369780793774676e-02
1.159717745771007280e+01,6.483671457357467638e+00,-1.204471665488110743e-01
2.533673628544889644e-01,6.262324972366931419e+00,1.498271609160111151e-01
6.560440714139686769e+00,6.504260236524649130e+00,1.519934065509746246e-01
1.192690714571759646e-02,6.190458853631843006e+00,4.919727691737781766e-02
7.913884077202417267e+00,6.389030452850475328e+00,-6.368412138843819459e-02
1.640297714665833695e+01,6.629029689872695030e+00,-1.597167384958376457e-01
5.469860295450085452e+00,6.462506585406568860e+00,1.586136984307719155e-01
8.656065088176056577e+00,6.460804859759737617e+00,-7.304658418331435796e-03
5.552908804642209262e+00,6.322980202767733537e+00,-3.914184321242041714e-02
2.717125425178540610e+00,6.200189643614904433e+00,-7.438528764802315729e-02
3.515444777608839555e+00,6.362237611944992821e+00,1.193035102226045197e-01
2.913117133411976756e+00,6.267617664993266224e+00,2.159340287775441888e-02
1.597427500336335182e+00,6.170965796826079597e+00,-5.916867077688119092e-02
4.951207239690093687e+00,6.328527342732509275e+00,-1.036136294839231677e-02
2.807511830247670037e+00,6.287171302647726279e+00,4.905836417123477650e-02
1.397620875741644619e+00,6.270273832781490420e+00,9.405421066588069701e-02
3.059162131529691298e+00,6.379268579860429611e+00,1.566420408362450833e-01
1.769226681760852182e+00,6.315109382679723105e+00,1.372455909859926215e-01
8.550064420229662732e-01,6.337919653129397979e+00,2.150078439663200003e-01
6.548562759798241650e+00,6.446281811483235202e+00,7.921060168053960238e-02
9.530086186865744935e+00,6.413250229020274418e+00,-1.119630599349354799e-01
7.195072275661681616e+00,6.398712098154891947e+00,-1.638320078774483865e-02
7.475934645964802172e+00,6.413405167200590284e+00,-1.535911257032639143e-02
6.309883354019615531e+00,6.420559416066042857e+00,5.060577793269704222e-02
5.445191499255068734e+00,6.449344162171804840e+00,1.369768162960055269e-01
9.641362025823706716e+00,6.479784003684192939e+00,-3.195297053448153957e-02
1.169651569574686434e+01,6.556322360440550945e+00,-2.989985296793810227e-02
2.519679263529418289e+00,6.400002074628099891e+00,2.123505993173387119e-01
4.549033411525497783e+00,6.379608023665897854e+00,8.309241510824486032e-02
7.368220628167168940e+00,6.377746850905883669e+00,-6.138964931613097309e-02
1.276858671372261833e-01,6.258893949807085022e+00,1.448891079538971727e-01
6.287115684815668404e-01,6.205775755531079518e+00,4.804994817518035144e-02
4.540695818364739900e+00,6.321193828023845107e+00,2.391864407028912367e-03
4.766786911897448853e+00,6.242031524388731434e+00,-1.188164385779712506e-01
6.068175984280727242e+00,6.378255060834773005e+00,1.180879590453529776e-02
3.676663367987737185e+00,6.451401565090490564e+00,2.315488549046071931e-01
7.079466756447006404e+00,6.438469519867765278e+00,4.273192662902127598e-02
4.537773612123365830e+00,6.245707641407521216e+00,-9.366128647677181285e-02
1.878495355538148948e-01,6.423678939873383342e+00,3.601264692827912395e-01
4.443690606014722988e+00,6.334948108598247529e+00,2.915947052975179435e-02
7.322066689507276571e+00,6.418489694128045819e+00,-4.866126244239219259e-03
6.732241832410661431e+00,6.410646592428090429e+00,2.005036960522683584e-02
9.089669924479918395e-01,6.361236266917962290e+00,2.451418955923506948e-01
2.038326570738545396e+00,6.316572132195620526e+00,1.274010151092842269e-01
1.444499634347249817e+00,6.270786452098760400e+00,9.506575547886127187e-02
7.986984221579267462e+00,6.415236713639465904e+00,-3.212623758111669142e-02
5.367799662119565163e+00,6.302677481833180551e+00,-5.313889613013665636e-02
5.113947338734313064e+00,6.325114489696948894e+00,-8.041783725709602051e-03
1.760233170070761410e+00,6.390392336783373040e+00,2.388676629550421371e-01
2.947269331895252531e+00,6.292935380507243437e+00,4.598944996723166451e-02
3.262490913358395694e+00,6.362189446147469063e+00,1.277871608284685545e-01
1.028086423570513164e+00,6.347033491721863818e+00,2.198974635172072645e-01
2.572035601589782949e+00,6.329042292971411854e+00,1.152193599249598938e-01
8.780056439989175843e+00,6.463426518145427124e+00,-6.542069842610005390e-03
5.719459347259363113e+00,6.329707144748301317e+00,-5.288504257317918483e-02
3.748959668443862525e-01,6.296519340277032306e+00,1.657066065064986826e-01
4.542037960176430467e+00,6.411440142859652802e+00,1.286682313604963213e-01
6.721233716830495197e+00,6.374850458682982612e+00,-2.214755486682176353e-02
3.648937906871349224e+00,6.312613009645713369e+00,4.276297326503583629e-02
1.679804659891396490e+00,6.306937892584088878e+00,1.277917599722282194e-01
5.710969093619688852e-01,6.278512826358157994e+00,1.526825084734518279e-01
6.999108720229098024e-01,6.256489582604053190e+00,1.171556482415489625e-01
9.972884174163823001e-01,6.279692572409681262e+00,1.328405244235854876e-01
1.724874132386710501e+00,6.253819122367058725e+00,6.229254880654547244e-02
4.923129923176601253e+00,6.468012358651246352e+00,1.927311712210676709e-01
7.465523475841416179e+00,6.497847508352140089e+00,1.013601827878389677e-01
1.737883274422978186e+00,6.304641412619195862e+00,1.186078196575373056e-01
3.553882765344498207e+00,6.379671596649354903e+00,1.339424411627000988e-01
4.695657331993164263e+00,6.338445000695301701e+00,2.252127709786232862e-02
1.210258152637323725e+01,6.544678672062189229e+00,-7.065687977894290206e-02
4.536537190049076962e+00,6.312110141662699903e+00,-5.983530645732292215e-03
1.046595705148485322e+01,6.493743053263449028e+00,-5.816153217553766269e-02
7.715326958400319235e+00,6.435879696006752582e+00,2.718068520388124652e-03
1.007077163246885476e+01,6.498083285533132525e+00,-2.227769097869247011e-02
4.172030499294336003e+00,6.339967319551620406e+00,5.135909015195231492e-02
3.739436022843388496e+00,6.198330972690478724e+00,-1.335749214467703838e-01
2.392980505973683947e+00,6.260596936728674677e+00,2.900769828689966912e-02
9.409112777193044508e+00,6.501363839267656708e+00,1.434487985494700864e-02
1.043473629088609300e+01,6.639567865486054821e+00,1.583543750583323306e-01
2.039693347687835390e-01,6.395559887807509725e+00,3.204391793791216969e-01
6.744688500785819940e+00,6.395663672241224340e+00,-5.911091787878061665e-03
2.047840687767454870e+00,6.332381385042224586e+00,1.441255004108232263e-01
2.671908799051608163e+00,6.406891214874665508e+00,2.159360282332734582e-01
1.313029506577324845e+01,6.542981459142146683e+00,-1.069867262024253585e-01
2.441300892496939312e+01,6.941486783009689354e+00,-9.252051215567960729e-02
7.069235022287463366e+00,6.503389167220644751e+00,1.317997161305837217e-01
1.524188622854983244e+01,6.731061931586841851e+00,4.569733104765531101e-02
4.090289705005422327e+00,6.423889522503428928e+00,1.717934510246378610e-01
3.851139564778153002e+00,6.421559341289402312e+00,1.728922668225999493e-01
7.656543543925852235e-01,6.349527231397585680e+00,2.265895890869020768e-01
2.317757197104660438e+00,6.295619170569446865e+00,7.178698018029321115e-02
1.525064775859500443e+01,6.558077985202134919e+00,-2.026775473178520637e-01
7.081955402074338046e+00,6.429508694821226555e+00,2.493150090641279432e-02
9.439238387244845541e+00,6.502042680038696787e+00,1.257395716170252309e-02
6.076980861576554815e+00,6.286634819204839353e+00,-1.261584834246009812e-01
1.214632016744821286e+01,6.578812323943311391e+00,-2.286399450809228906e-02
1.167494644325739728e+01,6.610286877243201964e+00,5.122955305363883355e-02
7.045176667614923005e+00,6.479214851143174414e+00,1.007619790363211559e-01
8.766615689771718678e+00,6.655104844264394082e+00,2.590819884338554924e-01
1.183874335516173737e+01,6.635095257898572463e+00,7.685000122551585711e-02
1.329226990889290505e+01,6.596084537136619907e+00,-4.715431906435862963e-02
1.775697501458833827e+01,6.796995215257394030e+00,2.051741343377831359e-02
8.694084668249221437e+00,6.549318306704734916e+00,1.283189013616119756e-01
7.636220691352324508e-01,6.356462517911942278e+00,2.477910519005275536e-01
5.371796706985305647e+00,6.470875430931983807e+00,1.715174345479567874e-01
4.236232144957533308e+00,6.422201817740768703e+00,1.611638002819124893e-01
5.278499188859309577e+00,6.410986816323403836e+00,8.763712785203027489e-02
4.570737450878832320e+00,6.462472422064437616e+00,1.915892623165484088e-01
1.110658359092339964e+01,6.673913506097870041e+00,1.702810398966864425e-01
1.811614010168192124e+01,6.791991245436364899e+00,-7.246845550221057107e-03
1.791981128587474359e+01,6.784881116235287557e+00,-2.363898694747000075e-03
1.886880866450113103e+01,6.876191102718797410e+00,7.965458290615716475e-02
2.151896930085313642e+01,6.966543792702648119e+00,8.512400122155895643e-02
2.006113608576968943e+01,6.886547499691578977e+00,3.684564971935939265e-02
1.121814505837017428e+01,6.593791611806781638e+00,4.438465099993955248e-02
1.249407541653043552e+01,6.616043666054141070e+00,2.594909898771856349e-02
2.152649773269945044e+01,6.904621962585145489e+00,-1.068000351281356806e-02
2.299885468299140356e+01,6.985851132531030849e+00,2.987628507559991417e-02
1.882657878342871172e+01,6.862469886073166769e+00,5.722307352361799548e-02
1.764916364021530981e+01,6.667211233354202626e+00,-1.688967902168566071e-01
1.640958564250800933e+01,6.665925198021431797e+00,-1.027288276355963204e-01
1.267530047162386175e+01,6.676397929028464517e+00,9.766199374816730838e-02
1.270653994680257703e+01,6.677165802450303111e+00,1.042601581544823353e-01
8.836538140718975143e+00,6.618658020603218617e+00,2.114398511857161211e-01
1.715630710736494535e+01,6.900485695219088278e+00,2.011916786984531691e-01
1.613356073355631182e+01,6.801201450949098337e+00,1.128031381605642813e-01
1.606684782858105009e+01,6.748766079657302797e+00,3.583603616875252057e-02
2.062535713547299920e+01,6.903132252455702833e+00,2.853938955533340954e-02
1.187841069450548837e+01,6.658461904277578114e+00,1.017602160166758141e-01
1.427639333503066510e+01,6.630585312159197109e+00,-5.381546231886658732e-02
1.522647779894767517e+01,6.727397569335692218e+00,4.781882544735810425e-02
1.285735866390370141e+01,6.620081240356665120e+00,9.352809103907105265e-03
1.395340276023143034e+01,6.684803121677767912e+00,3.556012158471031498e-02
8.888992466237958467e+00,6.543124427145212252e+00,9.002899709819958685e-02
9.295581792507194407e+00,6.612921092891308916e+00,1.739977542447077030e-01
2.089524274904466594e+01,6.937835087409735202e+00,6.969624472700457207e-02
2.675516477098422996e+01,7.108080108509689410e+00,3.693228174860339885e-02
2.082209063489004208e+01,6.904244793186007811e+00,2.463331700244850153e-02
2.723091393493983503e+01,7.012484953844581703e+00,-1.303991730260765647e-01
1.273427173615139019e+01,6.655499832480087363e+00,7.149825297167529403e-02
1.672068348349276334e+01,6.874011669755446086e+00,1.945411808771530804e-01
1.502677409647106543e+01,6.835531496511432437e+00,2.122600228337877815e-01
1.232397707831986544e+01,6.676888196582197565e+00,1.072590226060023688e-01
2.198199303936090487e+01,7.019221137570490932e+00,1.379603483241058914e-01
2.247907979599076711e+01,6.975553294903786394e+00,4.641004908072299262e-02
2.116038640351139932e+01,6.966692304569282790e+00,1.068788897817104233e-01
2.447902091359061316e+01,6.999887229945668921e+00,-1.465239733485820817e-02
4.137030085653344003e+01,7.461622524267663259e+00,-1.317637122258085158e-01
2.767683144407672913e+01,7.191465245313189314e+00,1.311656257068465614e-01
1.733756317049333617e+01,6.748191246004272337e+00,-2.937751192402194775e-02
1.863152375859474930e+01,6.800269883605413845e+00,-2.529418050255322764e-02
2.666614146121554541e+01,7.033107556128592286e+00,-6.414098268992853014e-02
2.919068062959395249e+01,7.252334315036391921e+00,1.560023429161236097e-01
2.630665316633763595e+01,7.150518861918212288e+00,1.237807271731278247e-01
2.760846632244289722e+01,7.149475063989565449e+00,5.459816575606082217e-02
2.311742330939430801e+01,7.052538676826687336e+00,1.319815620382673027e-01
3.550100062424674263e+01,7.415187508529614391e+00,8.922534589886547962e-02
2.150885209510784790e+01,7.126865771525512372e+00,3.310029158579093633e-01
3.413893964108928714e+01,7.204260221072095405e+00,-1.665135645425746547e-01
3.879389449205294227e+01,7.404062161782952067e+00,-7.976252989773502389e-02
3.942270393771314474e+01,7.492625970324921170e+00,2.337772137505450543e-02
3.546172631279254972e+01,7.410675378478035924e+00,9.057993369611204437e-02
4.156525417737945105e+01,7.645204058860977092e+00,1.661091240944724823e-01
2.774168219960884940e+01,7.218322452421451985e+00,1.586725851584300795e-01
3.561920822959294952e+01,7.381330564599403843e+00,3.596001438154274726e-02
3.221284151394135620e+01,7.228317793333820518e+00,-3.574777128279953142e-02
2.825759033514715313e+01,7.264822258408377031e+00,2.025383880106578771e-01
3.137985737534143738e+01,7.374598293978449348e+00,2.277150302168791385e-01
2.890475878709606761e+01,7.273608542071814398e+00,1.850957865823788240e-01
3.278921055183329258e+01,7.469591485697012700e+00,3.014544812135805940e-01
3.834619590528058808e+01,7.590801181023271837e+00,2.232928370939770701e-01
4.328307116522554310e+01,7.645964920168211165e+00,8.303178240775148378e-02
4.500010866637781959e+01,7.676318399766049794e+00,4.659492386399363695e-02
4.600371609143207507e+01,7.805658081209108978e+00,2.140096577627945140e-01
5.212041741173456444e+01,7.961964785381733911e+00,1.921497224625126343e-01
4.027373696110893064e+01,7.684054584886257366e+00,3.106748945948987206e-01
3.156699818088790011e+01,7.351966077504074271e+00,1.740933020526602149e-01
6.387280142337711908e+01,8.078810788048320646e+00,-1.542247360692335922e-01
5.321304351505718699e+01,7.894438087602309473e+00,2.949480001028397663e-02
5.479623641705445181e+01,7.978719638037676809e+00,9.057434880941069022e-02
4.776903110558847487e+01,7.824554452956263617e+00,1.630171916999128834e-01
5.359177047548362793e+01,8.029639008910443465e+00,2.218968978285308646e-01
5.464189169701642612e+01,7.962405808174671584e+00,4.854837860887298989e-02
5.950972149490957719e+01,8.149180316465113094e+00,1.526648253156169532e-01
7.089079040855031622e+01,8.374084915246816863e+00,6.566050340885609161e-03
6.663221906039478881e+01,8.276367625225155678e+00,4.611817613009874806e-02
7.058204496943854167e+01,8.354503422403970703e+00,-7.925891261606046734e-03
5.560022558496198997e+01,8.020326499879368853e+00,1.251304209152638847e-01
5.985140912434590632e+01,8.107011848810763865e+00,7.479176391528416512e-02
6.985112862333126316e+01,8.515880509418035871e+00,3.290398243632603470e-01
7.224258354471602672e+01,8.510498231764165311e+00,1.894926817197970514e-01
6.882832779033122961e+01,8.411781825351791753e+00,1.867663290570524826e-01
5.616701907939376071e+01,8.155973908992253385e+00,3.323660039334867533e-01
6.374812895738499208e+01,8.343244389851635745e+00,2.954512706142136680e-01
7.351166825593747944e+01,8.571536488437345724e+00,2.390330334396487399e-01
7.920698049943038654e+01,8.638404368166382241e+00,9.390252829192610728e-02
8.352394147090917897e+01,8.759681908719946009e+00,1.060427047213321761e-01
8.629730340643287434e+01,8.790984446724323220e+00,4.697657914967912074e-02
8.712274391368670479e+01,8.843529287122690263e+00,1.138310753628822697e-01
8.519011906390325350e+01,8.902593780254225209e+00,3.122106991414392296e-01
9.257636771316117574e+01,8.944273510557435358e+00,4.772423343659365491e-02
9.738416424249645331e+01,9.080584590190783345e+00,7.958616313390735886e-02
1.074227391150460562e+02,9.323555548240557656e+00,9.115766348212300807e-02
9.983571989833514237e+01,9.181967403776932102e+00,1.686005514411455242e-01
8.872508579633506542e+01,8.893404553262996615e+00,1.341552678032043311e-01
8.823731427541886774e+01,8.842082527663730929e+00,5.829513637881699600e-02
1.083879865593327594e+02,9.365777107549867253e+00,1.361580557950631543e-01
1.073034176536996540e+02,9.333196399821231282e+00,1.057609021371429120e-01
1.036365853781651936e+02,9.268935968560924721e+00,1.518914595140685997e-01
9.996938990771261047e+01,9.153478048404164014e+00,1.007469119943715241e-01
1.085918560266913033e+02,9.334297512592549140e+00,5.663941851459187299e-02
1.165297001147929166e+02,9.568622102253318218e+00,1.594224528139719932e-01
1.205480919292990762e+02,9.666359795550732770e+00,1.704769978024689991e-01
1.374885628716214399e+02,1.001453031806909877e+01,1.187395942814037514e-01
1.312347389712822405e+02,9.830081540539119089e+00,1.351932949982564622e-02
1.380491163450952001e+02,1.001037290570447347e+01,8.621913705311762266e-02
1.452568862868911879e+02,1.017358884914174233e+01,9.154370360731345357e-02
1.312719819265564070e+02,9.891095579108640123e+00,1.428125206824305271e-01
1.314106879907434973e+02,9.887921713099485643e+00,1.254831940883796293e-01
1.284310654675239221e+02,9.891834045013027321e+00,2.674682465790660935e-01
1.297341938432931556e+02,9.915010027343717169e+00,2.596203025779540430e-01
1.475502202993055505e+02,1.030724910279634443e+01,2.782313736496885848e-01
1.554023558756924501e+02,1.047416356164079332e+01,2.824525011653690743e-01
1.614058824262291694e+02,1.056151566511694462e+01,2.058525958233494713e-01
1.557564542521323290e+02,1.048616673386015385e+01,2.942580166561086230e-01
1.693462993151823071e+02,1.072614170653094412e+01,2.185221546832066819e-01
1.721212030725693296e+02,1.077418343092997333e+01,1.975228946746389047e-01
1.717366305101512296e+02,1.070080897419307853e+01,5.572724925198746515e-02
1.651442484137342035e+02,1.052831300906172096e+01,-3.388997064990116603e-02
1.630839151551749922e+02,1.057278856395065070e+01,1.488049451828276637e-01
1.583286610544233213e+02,1.050235761859007155e+01,2.046631879553093281e-01
1.516680789083737579e+02,1.038842672723515648e+01,2.552920677469343036e-01
1.644745780262218204e+02,1.069046203677695495e+01,3.530988543248140266e-01
1.755688953795948635e+02,1.083163690744043883e+01,1.802068773612127417e-01
1.653127583915802461e+02,1.069925463695899204e+01,3.347635242273806488e-01
1.558502684607901188e+02,1.044296604632561554e+01,1.955462858520003178e-01
1.762116347480937293e+02,1.085150421597860415e+01,1.987736676704839611e-01
1.767217573059687652e+02,1.085929414485265632e+01,1.756186064889412868e-01
1.754618433435911129e+02,1.082358516368884338e+01,1.518211537049321824e-01
1.859756351754382422e+02,1.104888377788091169e+01,1.869797597692481606e-01
1.798856637421647804e+02,1.093629113290099752e+01,2.032742761612879590e-01
1.800087411186729582e+02,1.099113732207697147e+01,3.151888151849624453e-01
1.917399747274924948e+02,1.122393954305226593e+01,3.343024573503544650e-01
1.904170410792719395e+02,1.113786603090740179e+01,1.973763619166630234e-01
1.889270499594378521e+02,1.106667211904457382e+01,9.919846454769622179e-02
1.853675754693661020e+02,1.093620310766554304e+01,-2.910502204537408419e-02
1.981006846311073275e+02,1.117563057806283311e+01,-4.000362658758287171e-02
2.046195925507371385e+02,1.134576946193543279e+01,4.454875979847279510e-02
1.966183691327890131e+02,1.119467055837150049e+01,5.208650247060167549e-02
1.972762147185323158e+02,1.121030495864632570e+01,6.419634227581394459e-02
2.084457339593552092e+02,1.145274806202595919e+01,1.475422566048334716e-01
2.006636903431113410e+02,1.134511401385731055e+01,2.389870592884117961e-01
2.096779269835703872e+02,1.146460150574851866e+01,1.172596755578113326e-01
2.196766001237503190e+02,1.162895553843072172e+01,5.797790952520821828e-02
2.214593329750900637e+02,1.169614939622282890e+01,1.430632645778845413e-01
1.957513100911633899e+02,1.119209286937307013e+01,1.003463156670248296e-01
1.774483730906051449e+02,1.079687049367404050e+01,2.076716336858670450e-03
1.629857275795671683e+02,1.055973895921690975e+01,1.311698848320287103e-01
1.494818904382080120e+02,1.029143115099066996e+01,1.595417103421658545e-01
1.488976053014127672e+02,1.027374390091319256e+01,1.449413802228990689e-01
1.400630497862174764e+02,1.015272643119425666e+01,2.951618637744453100e-01
1.435449813932376628e+02,1.025538866608698108e+01,3.413801710294253056e-01
1.625102187637544375e+02,1.060878831178772330e+01,2.437984115818680186e-01
1.760529675474041653e+02,1.086737790960940053e+01,2.196253320561191713e-01
1.991792684111643155e+02,1.130331646103797638e+01,2.000394701043856360e-01
2.180444431870052995e+02,1.163931424863390518e+01,1.540638620567531536e-01
2.089182398244338970e+02,1.146915894194589036e+01,1.519146836844812720e-01
1.901750356908385982e+02,1.111909913704353770e+01,1.725675624526003260e-01
2.026692716183850962e+02,1.132586440132720185e+01,1.002611572781662574e-01
2.003625078983409367e+02,1.131009455596815094e+01,1.634871663142836162e-01
1.905951782447699259e+02,1.118710976200222795e+01,3.105238910346487802e-01
1.996050393903026077e+02,1.130953826401293227e+01,1.933517282599730713e-01
2.063851663453906724e+02,1.149972492053515793e+01,3.340053059038120553e-01
2.012002955844488952e+02,1.141699674236436657e+01,3.600717456994790289e-01
2.146001084437833129e+02,1.157645212370926657e+01,1.584887254308039450e-01
2.131998699086264253e+02,1.163632556278686891e+01,3.477125902964302018e-01
2.300455074623354790e+02,1.186821645411589365e+01,1.786374167262322066e-01
2.488173609089684248e+02,1.223830129482714746e+01,2.714182584321657710e-01
2.446065061869900035e+02,1.219904016505761746e+01,3.542767376718130579e-01
2.453649809994927296e+02,1.218131843939771919e+01,2.747960605622107866e-01
2.401187039580894407e+02,1.208852742140285841e+01,2.585117445021574700e-01
2.372535698452753365e+02,1.210404576580491565e+01,4.221783131678706336e-01
2.424050510368941502e+02,1.216185379175755976e+01,3.563632559714529080e-01
2.406398475758264510e+02,1.205583172471399855e+01,1.756162027470856701e-01
2.533731036740235538e+02,1.232172685173832249e+01,2.748933188222218438e-01
2.508507175879993554e+02,1.228606082908307151e+01,3.084298775605456289e-01
2.649188282759480444e+02,1.245342222400411636e+01,1.186516947955489343e-01
2.671802041603248767e+02,1.255292611491518251e+01,2.604857209706232801e-01
2.831546089433662132e+02,1.281180508038321619e+01,2.420582245460492499e-01
2.921233112689874361e+02,1.293302161460195698e+01,1.732522580578395310e-01
2.989752620425015834e+02,1.305493007003881623e+01,2.135539486136600884e-01
3.002134722927875714e+02,1.306817285048184374e+01,1.837163344682314348e-01
2.764619970309877885e+02,1.277922753429593428e+01,4.566246907561276047e-01
3.101319675656662298e+02,1.325332479492823445e+01,2.637482469573286803e-01
3.195213222088029852e+02,1.344044605001887938e+01,3.445725476119617658e-01
3.147666419085845178e+02,1.342816480753799802e+01,5.133847943281172332e-01
3.214179899566718177e+02,1.350892436932075036e+01,4.518244169739921712e-01
3.193274019922593538e+02,1.351431120744919134e+01,5.484019326007706363e-01
3.207289747242923568e+02,1.345178393193742394e+01,3.322220623440506060e-01
2.805809577784473845e+02,1.277670808682498915e+01,2.844877784188167835e-01
2.343014516443516584e+02,1.195644287319956156e+01,2.241042514292787557e-01
2.468352690225825086e+02,1.216828240493095947e+01,1.930535645094721697e-01
2.575340355919143462e+02,1.243677292508815846e+01,3.905606951797311877e-01
2.663216422790040951e+02,1.259741814118474501e+01,4.108048498702128182e-01
2.646342307087076620e+02,1.246484580981816137e+01,1.477063632258335257e-01
2.569965117168606525e+02,1.230681346731064529e+01,9.406555552452093572e-02
2.637652740312847186e+02,1.251806216410637518e+01,3.244094023779065528e-01
2.770416519556366666e+02,1.269205625820353767e+01,2.025669186814613998e-01
2.721891823396136374e+02,1.259306870270946632e+01,1.485217659535445767e-01
2.680003568511711478e+02,1.246950991233596895e+01,1.691533595118608138e-02
2.407423645747024921e+02,1.209850542794855244e+01,2.678724086742493293e-01
2.395961429499138262e+02,1.203731929430142600e+01,1.616133548733668657e-01
2.432031138052660992e+02,1.214042486675677424e+01,2.753627558234795214e-01
2.748593721075849317e+02,1.273557434869141680e+01,2.373002663262216427e-02
2.689281453295200777e+02,1.259959584354920636e+01,2.518292291157907536e-01
2.882998248473148806e+02,1.289386116462689991e+01,2.353979579662367760e-01
2.683276610360329641e+02,1.254487906892805782e+01,1.976925222812520866e-01
2.736748826271905841e+02,1.262360931543875431e+01,1.646059526928636552e-01
2.901488666573088153e+02,1.296726017029497591e+01,3.515321309466584165e-01
2.844540127004312922e+02,1.276460672079065972e+01,8.424991723948239974e-02
2.942806739737067687e+02,1.297368440552637381e+01,1.845111142266118720e-01
3.058422408973185611e+02,1.317233826482745407e+01,2.217739778666909523e-01
2.844817602253468181e+02,1.284987508461665584e+01,2.934038927797524288e-01
2.640561520090420800e+02,1.252827598432139666e+01,3.457788516167024095e-01
2.810661954554416866e+02,1.277432363569556450e+01,2.467656034573616486e-01
2.990417397232565122e+02,1.296879213758179183e+01,-2.077765765846579377e-02
2.782430989434433855e+02,1.279705482064060185e+01,4.115722604458670886e-01
2.932777913874272713e+02,1.306623211975423082e+01,4.642100508974785766e-01
2.984329161322181676e+02,1.306986437673184120e+01,2.633411996547649903e-01
2.955457423890534869e+02,1.298716723693680208e+01,1.964785571527584707e-01
3.109674073790170041e+02,1.327139598745870508e+01,2.487003410717884555e-01
2.858509718598979248e+02,1.284031522376085377e+01,2.071030665487911537e-01
2.941391143847038734e+02,1.297968234135933585e+01,2.235686331105228575e-01
2.711876033955390994e+02,1.279206050048971477e+01,7.023232687642986249e-01
3.384333563226452952e+02,1.367529858372034646e+01,1.935925677944179135e-01
3.027521073195918007e+02,1.320983212151268837e+01,4.584427636038042042e-01
2.956821487479631969e+02,1.296673087698331805e+01,1.042583502732273293e-01
3.343278931703671901e+02,1.361670260078228267e+01,2.003168493528001415e-01
3.115392680224446167e+02,1.333172153809590199e+01,3.868803781089874549e-01
3.335340752317067086e+02,1.359212305259651643e+01,1.641786810110489880e-01
3.270054105541267404e+02,1.343566724067030371e+01,1.939952325120599189e-02
3.043230280135707631e+02,1.313995764879015837e+01,2.103336243781958603e-01
3.004540154322391459e+02,1.310973905129851502e+01,2.853720915067607389e-01
3.109677525020752569e+02,1.333162359633414695e+01,4.142141343859152003e-01
3.634113293884563518e+02,1.406155903909943561e+01,2.031137916074440830e-01
3.340339433243060512e+02,1.370091260681972400e+01,4.487121980505331398e-01
2.885526625661620415e+02,1.281089948856200245e+01,9.826919702831298301e-03
2.384645784656496517e+02,1.204270723645954710e+01,2.485567888606679543e-01
2.661230008212583584e+02,1.252667396661206745e+01,2.433376130091552403e-01
2.791438587612030915e+02,1.278228235834192894e+01,3.511722235652848800e-01
3.105709241164572063e+02,1.334651602936836134e+01,4.833567043437838051e-01
3.660169425833913692e+02,1.412588560597615128e+01,2.677749078736597066e-01
3.678040555372095923e+02,1.417124811556395336e+01,3.416756781004011145e-01
3.367707771159321055e+02,1.373699896990907376e+01,4.294341521479883572e-01
3.040253149990455199e+02,1.311855676210151600e+01,1.593024374189689063e-01
3.328519388369566627e+02,1.365020253545807627e+01,3.789986360268641774e-01
4.321034912236701189e+02,1.513091246026826475e+01,4.249226269684510116e-01
4.863713996041143446e+02,1.587407279596670939e+01,4.486987610398504578e-01
4.951935930833540738e+02,1.593650648251016122e+01,2.872417181340143899e-01
5.056185372491323733e+02,1.601941057463748663e+01,1.145102181870895630e-01
5.174831604454205944e+02,1.624913633660042933e+01,3.376977172091304991e-01
5.053953293764566865e+02,1.603857326304860109e+01,1.770626134015023667e-01
4.983552732088087396e+02,1.596838084856696227e+01,2.449009737846944423e-01
4.871993773300079624e+02,1.581781892309139792e+01,2.388378902928192937e-01
4.912635830334639877e+02,1.593857138397613582e+01,4.426879573129986478e-01
4.820881778306601859e+02,1.581694608371678612e+01,4.328484770689988159e-01
4.802660452311628774e+02,1.575723377313073925e+01,3.198318825161098333e-01
4.715851719085461582e+02,1.561120485118862611e+01,2.440071278238322983e-01
4.698554485230807813e+02,1.559306636309441885e+01,2.792001255709994356e-01
5.407106305074473767e+02,1.651282213962128864e+01,2.476620134334119872e-01
5.598618753182122418e+02,1.682208091735988020e+01,4.578141546095642611e-01
5.714766965654424666e+02,1.691171612196872687e+01,2.939941109950696685e-01
6.100671769052402169e+02,1.740696279370797583e+01,3.700738130915087187e-01
5.658541750132444577e+02,1.684541973156094841e+01,2.952309173163863432e-01
5.808305884807826942e+02,1.701835236070630586e+01,2.536421227695104808e-01
5.704342818440070459e+02,1.689264305360798346e+01,2.715864222704448272e-01
5.956566209681043347e+02,1.724269223919617033e+01,4.049382590186569320e-01
6.026562219493114299e+02,1.729759284955128962e+01,3.133345935541277383e-01
6.273987839360545422e+02,1.762268262950750852e+01,4.134793863027367289e-01
5.740714448702248092e+02,1.699435250814608622e+01,4.444987544282574254e-01
5.693931697107810805e+02,1.688623824942814977e+01,2.902747977512175059e-01
5.633725218759451536e+02,1.679354447754340285e+01,2.344279959168983907e-01
6.057166532203966653e+02,1.733210642147818703e+01,3.035681866077954427e-01
6.274383001123439954e+02,1.762561303007234415e+01,4.095759921390615399e-01
6.363505678176688889e+02,1.776130960651572721e+01,4.983876919488677837e-01
6.585895980624352433e+02,1.796786486277341766e+01,3.477438899025956931e-01
6.865391668458181584e+02,1.828597453855977406e+01,3.289611899093717873e-01
6.598416247058311228e+02,1.798409080897922507e+01,3.332540685279517523e-01
6.777561862485893016e+02,1.819221922705002470e+01,3.499789156111786093e-01
6.408116788832560360e+02,1.780057135755815878e+01,4.563718690867181738e-01
6.708845594270367201e+02,1.813703829742641815e+01,4.378278115675974802e-01
7.173383343345780077e+02,1.861605939244785901e+01,2.631064903689844248e-01
7.190757791327291670e+02,1.865061327478128206e+01,3.058423284269033426e-01
7.339091938877322718e+02,1.881231205403793183e+01,2.927798661827036852e-01
7.102470249478885762e+02,1.852938084193293022e+01,2.419622192747918066e-01
6.835701087119366548e+02,1.825851162947556006e+01,3.393115529353935567e-01
6.943353314734321202e+02,1.839446575258272532e+01,3.690187560639949793e-01
6.853416887473857741e+02,1.828404153018792400e+01,3.569121675662763060e-01
6.897199293445825106e+02,1.836541477736307115e+01,4.759874383957922173e-01
7.377633265202834991e+02,1.891019437842036055e+01,4.787683187273101271e-01
7.571834064209996313e+02,1.908756235389688882e+01,3.601989472414274251e-01
7.637802956544815061e+02,1.914544731496201990e+01,3.103241990664411531e-01
7.342495454282495757e+02,1.883450240347766780e+01,3.652345874145979110e-01
7.332288672660503153e+02,1.885773924053758321e+01,4.908489547097960592e-01
7.652578902313599656e+02,1.919040734009746529e+01,4.169142141178118210e-01
7.177788011302238829e+02,1.866232208148310079e+01,4.158220547047142834e-01
6.470366730023838500e+02,1.784085267537473740e+01,3.627032651968222776e-01
6.078625262957377799e+02,1.736179205307596618e+01,3.079599958283874561e-01
6.093112035318126800e+02,1.741532923659407217e+01,4.258848804956349432e-01
6.471789062252456688e+02,1.786689842027963593e+01,4.343820695244918761e-01
6.907582255114266445e+02,1.833174928783065383e+01,3.004842118616007363e-01
7.012040975721681662e+02,1.845020417048749550e+01,3.080956819112490308e-01
7.027444344060219237e+02,1.845900540293213865e+01,2.798596924026162669e-01
7.215502685037614583e+02,1.864475372806055375e+01,1.861998130787664019e-01
7.137269248112989999e+02,1.857685656190410128e+01,2.571048948386014388e-01
7.165430549430301426e+02,1.860270536983466272e+01,2.440418083169457464e-01
7.173025129322113571e+02,1.862595821953058461e+01,2.886525855163294962e-01
6.939913777635845236e+02,1.837123194543388394e+01,3.167662199674542434e-01
6.910176741246749543e+02,1.832348135441936776e+01,2.757984959698096539e-01
6.817965446123315587e+02,1.822771720512665894e+01,3.029498350118328687e-01
6.679198727846916199e+02,1.809962606730801937e+01,4.084116827331403243e-01
6.999055746214900182e+02,1.849345212633532753e+01,5.142865970634765693e-01
7.438000723240703564e+02,1.893229906531269791e+01,3.340340465271838255e-01
7.523235964496434462e+02,1.899907061944509579e+01,2.476872198961014848e-01
7.471375983738382729e+02,1.897679763991127189e+01,3.572492309333144545e-01
7.573470976611484957e+02,1.907375211835773499e+01,3.069060623660634368e-01
7.682350810987614977e+02,1.923008143161579753e+01,4.443857453665706059e-01
7.605296556041929534e+02,1.912830549432778326e+01,3.833697388641066905e-01
7.658216621408483888e+02,1.918351448627112532e+01,3.753324034301097623e-01
7.832512150283815799e+02,1.938241244770111393e+01,4.075408391426921240e-01
7.961545600273623222e+02,1.965994075352091386e+01,8.997995009993372539e-01
7.862381959640767946e+02,1.993634475195884548e+01,2.296412695929110903e+00
7.710775316121793139e+02,1.994208596064239103e+01,2.929436501551118788e+00
8.108087665840530462e+02,2.024686304788753688e+01,2.514594781839254445e+00
8.070116490214667238e+02,2.014608218487461500e+01,2.269742890440029193e+00
7.661197531448470954e+02,1.942934227130076863e+01,1.238472510645369118e+00
7.389018375705238668e+02,1.898107933792928392e+01,6.881816317505100589e-01
7.368460283537513078e+02,1.881988021112621112e+01,2.093430777724725744e-01
7.237203124483812644e+02,1.870104921398145237e+01,2.981073773645860903e-01
7.406029918851247658e+02,1.888077896489330598e+01,2.778795945620625707e-01
7.709515668160648829e+02,1.919712825425227010e+01,2.203980439685030435e-01
7.493244874799966055e+02,1.897837210456312818e+01,2.873019580331480638e-01
7.673822056256688029e+02,1.917079373069492476e+01,2.791186911681824978e-01
7.721235077531223396e+02,1.923122843279439564e+01,2.925101896738936391e-01
7.899257157988729432e+02,1.944182148892298656e+01,3.645576060471123481e-01
8.038435891015855077e+02,1.962391108197494916e+01,4.847371149984393002e-01
7.835154479173419304e+02,1.943360825378260159e+01,5.752171486750087270e-01
8.234913778348716278e+02,1.983030275559835331e+01,4.821214706040751197e-01
8.440694966566308040e+02,2.001765329891183498e+01,3.754996227684920251e-01
8.530443125996728213e+02,2.012242579113755880e+01,4.190962755250633442e-01
8.878404869251743321e+02,2.043905111495904237e+01,2.878057490267884044e-01
8.690883061019779916e+02,2.031009427071110807e+01,5.138112943649232323e-01
8.399387026437590293e+02,1.995700609997119557e+01,3.230146651816663272e-01
8.572390506138527826e+02,2.017375385860487924e+01,4.534779060553810748e-01
8.446450105082035407e+02,2.006740503000889220e+01,5.308249522461360170e-01
8.691064225270934003e+02,2.027388445147206397e+01,3.679595130607268283e-01
8.309919672859689399e+02,1.992271486595425500e+01,5.317800276210394861e-01
8.841739342561878630e+02,2.043788727836404107e+01,4.114662898424502613e-01
9.127876941239011330e+02,2.072319647053280889e+01,4.012237955360584141e-01
8.713998338944770694e+02,2.032356348621081565e+01,4.653982124431564893e-01
9.097509153980162182e+02,2.067301793094583573e+01,3.313508562796094181e-01
9.179501827341725857e+02,2.071870983390470045e+01,1.898205388667648652e-01
9.383459403114964061e+02,2.094795128447914578e+01,2.877192831117474925e-01
9.337242862452579857e+02,2.091907416610721526e+01,3.584962144653696114e-01
8.928336381707742930e+02,2.051565998896139575e+01,3.843003834966209897e-01
9.530550381444891173e+02,2.107733448421093669e+01,2.214615227319421120e-01
9.696943007932142109e+02,2.124901953632084073e+01,2.553094534591131559e-01
1.020703127704402846e+03,2.176091111691306423e+01,3.386514914840362267e-01
1.011111119692623106e+03,2.173759728156838733e+01,6.042664296840936089e-01
1.037973777925010381e+03,2.191759815433773895e+01,3.095519309675418551e-01
1.074268003423894015e+03,2.223211867910891115e+01,2.123949810138119343e-01
1.031351256642979706e+03,2.189878014658962968e+01,4.766681371025551783e-01
9.846814839538938031e+02,2.138588447209875554e+01,2.221001836154590237e-01
9.660602481919270303e+02,2.127171369111778532e+01,4.796554380370974813e-01
9.762418753381402894e+02,2.139018396484132367e+01,5.534726060519246094e-01
1.009042080565106062e+03,2.159085675334745247e+01,1.214437548748133200e-01
1.020174824785368628e+03,2.175681672723254678e+01,3.433938960152908004e-01
1.027457016874332339e+03,2.184425339332918625e+01,4.066658719235708430e-01
1.020057525939082893e+03,2.177618838107554211e+01,4.218356988737513857e-01
1.053428955895517220e+03,2.211136196410884835e+01,4.955326463322188291e-01
1.079997678384006349e+03,2.235824140755598322e+01,4.893551392888867424e-01
1.075446992691627202e+03,2.230572417700198784e+01,4.582458765796006417e-01
1.066894268811967777e+03,2.220251881923501003e+01,3.693269324573673629e-01
1.031445211170835819e+03,2.184298422034259701e+01,2.650613920071983043e-01
9.775246368363515330e+02,2.136694935693040875e+01,4.137180873846234563e-01
9.746755009094703155e+02,2.135863883880986691e+01,4.959319440766700171e-01
9.872122830122934829e+02,2.147612045805126257e+01,4.858832400709997557e-01
1.062903093295601821e+03,2.218329542149518474e+01,4.285408592827709140e-01
1.047624674293560702e+03,2.202936253689360058e+01,3.853216779515693524e-01
1.036263979495182639e+03,2.187574890658233073e+01,2.086216752645297934e-01
1.030227565872050491e+03,2.181625833210953402e+01,2.089698826869686166e-01
9.656846887044138157e+02,2.130570880889396079e+01,6.183000849496191886e-01
9.572377051395462786e+02,2.123046221117790466e+01,6.451087751107925650e-01
9.255228301973230600e+02,2.092136493046530177e+01,6.597425626376431929e-01
8.895422523175883498e+02,2.055746365358601224e+01,6.531891727569330008e-01
8.835772530942056164e+02,2.047035391471032639e+01,5.562979095165158094e-01
8.262468442368669912e+02,1.986908905996108743e+01,5.381117293492307940e-01
7.047481266294516900e+02,1.872160801824114884e+01,1.125061446943186327e+00
5.622539125220665710e+02,1.720060551680362693e+01,1.685475321715949271e+00
4.013254525760594333e+02,1.511223510133138603e+01,1.687246029219976018e+00
3.305874189578857454e+02,1.410356575985521665e+01,1.699337487751593656e+00
4.276191482801419284e+02,1.531743488560627675e+01,1.332930141034896598e+00
6.283514788948609748e+02,1.774349252809589927e+01,8.087863694253102365e-01
7.487160978873807835e+02,1.904657779684390206e+01,5.645232923674027292e-01
7.987407430790761964e+02,1.953913723532015823e+01,3.753336307565177665e-01
7.980663334531153623e+02,1.958205728794052547e+01,5.530911227562144150e-01
8.325523038145087185e+02,1.993359765105862635e+01,5.155703621661530400e-01
8.632625054346215165e+02,2.028137204322971954e+01,6.255440724172460776e-01
8.995446748816085574e+02,2.062923586357042538e+01,5.420746917450034452e-01
9.298562904090755410e+02,2.092177319625983500e+01,4.995931467494927891e-01
9.521185857472735279e+02,2.113888501482831117e+01,4.967947535679556048e-01
9.569904640804925293e+02,2.120109278268970598e+01,5.571814234184704340e-01
9.307499634100217918e+02,2.094257305617578169e+01,5.501913823520034885e-01
9.385637563653203870e+02,2.099347984208887752e+01,4.476501295760699217e-01
9.543362436377824451e+02,2.118747976991006965e+01,5.957625816834233312e-01
9.733378043867371616e+02,2.133773348762340305e+01,4.556189923928740670e-01
9.747728515957796844e+02,2.136139707489424566e+01,4.977608197647938049e-01
9.769446690957828423e+02,2.136859338887538584e+01,4.487349420651661203e-01
9.918374974592522904e+02,2.151372012539381018e+01,4.630335610363005006e-01
1.057926266643692088e+03,2.212879867541339252e+01,4.082392869937410129e-01
1.087571700256396980e+03,2.243039693359749265e+01,5.006054890482802833e-01
1.082417812173665425e+03,2.240013661819491375e+01,5.689907556021529533e-01
1.090566786560453238e+03,2.246297705165202530e+01,5.201242303537900735e-01
1.086725938134151647e+03,2.244565151286515814e+01,5.918898058673683904e-01
1.077496193165261957e+03,2.236809759728507530e+01,6.272902300750624605e-01
1.101480434182886938e+03,2.257092139115174589e+01,5.560549176106681646e-01
1.129370668568444216e+03,2.280472334592251471e+01,4.716312457600831953e-01
1.148260297070313072e+03,2.296703865153208568e+01,4.380815387787279080e-01
1.147594763878764070e+03,2.296799931731636946e+01,4.645784484943949466e-01
1.181823365136942812e+03,2.324504527503740192e+01,3.526692498443010915e-01
1.203761466709930346e+03,2.341300303467853539e+01,2.340688217100409807e-01
1.208013929082792174e+03,2.348938159310752383e+01,3.934138518107634930e-01
1.252585014471442037e+03,2.387761325035774362e+01,3.933041989395089089e-01
1.246260725994104405e+03,2.380528330723764086e+01,3.261886498038856219e-01
1.244811834253172037e+03,2.380172651158966346e+01,3.569497223307895317e-01
1.253833375103491790e+03,2.390936101074154152e+01,4.729118885430704800e-01
1.261211695613397296e+03,2.396929234629565997e+01,4.636290013599235760e-01
1.271435077144340767e+03,2.404396437185989654e+01,4.053165950905203152e-01
1.280783038931085230e+03,2.411209634940172108e+01,3.534215176578765494e-01
1.301794514982048440e+03,2.428629608324663991e+01,3.377082797149103532e-01
1.304821969200848343e+03,2.430144615380488204e+01,2.918317082341360669e-01
1.311504611207777998e+03,2.440837378183915618e+01,4.992245894049305299e-01
1.321085608340030376e+03,2.449537469484672769e+01,5.251600199020891591e-01
1.283221262954834401e+03,2.413935505583655328e+01,3.907507968843004775e-01
1.268890599119549279e+03,2.406262394997795795e+01,5.777475924414366970e-01
1.263225768851913017e+03,2.399742481075363187e+01,5.064535812315902330e-01
1.284378107408819687e+03,2.412876716010854850e+01,3.007950775296564516e-01
1.255252418403810907e+03,2.389790004106212606e+01,3.815967305022733291e-01
1.202179277586653143e+03,2.345398221803453254e+01,4.633244358391607753e-01
1.283328778733825629e+03,2.411986986260695787e+01,3.239192189049338033e-01
1.344861539833575762e+03,2.465579532480892766e+01,3.589241477939706382e-01
1.399269885420139644e+03,2.512826724223552688e+01,4.561545767895484049e-01
1.400597189163918301e+03,2.515440202122058722e+01,5.143279182973176100e-01
1.381213447884272455e+03,2.503374106388333686e+01,6.774015967945948846e-01
1.326034922610003150e+03,2.449279528238190551e+01,3.501485981763761135e-01
1.159997942634965284e+03,2.301194463896084130e+01,2.517999391943796517e-01
9.734744533668117583e+02,2.129134811138369443e+01,3.316557453071883321e-01
9.167165521901960119e+02,2.080985319648189602e+01,5.680857925441985534e-01
9.507657619950101662e+02,2.113634208002124737e+01,5.353684684165173069e-01
1.046066545960178928e+03,2.198301554133033875e+01,2.844272970738658812e-01
1.089320836450100614e+03,2.239921205244574409e+01,3.202934136554047573e-01
1.039824012987234028e+03,2.193087925709441421e+01,2.968720397152145862e-01
9.595221015272309160e+02,2.117571322884574769e+01,3.636317073051761328e-01
9.427793911703998901e+02,2.109225415625813937e+01,6.615261797524777387e-01
9.695882896667791329e+02,2.130760883943941764e+01,4.842856303780687099e-01
9.977911733995482564e+02,2.152678573524801564e+01,2.804956747523338900e-01
1.008985876533255691e+03,2.167974134202667713e+01,4.563100324346152648e-01
9.239324244556449912e+02,2.081707363600303751e+01,3.546176184471410142e-01
8.741594000185518780e+02,2.036305422235965068e+01,5.147211566803504557e-01
8.406967587478280848e+02,2.009522402831819576e+01,7.900281370750746879e-01
8.527325164380204114e+02,2.017967517092603202e+01,6.366982204533854217e-01
8.500969654116149741e+02,2.022871986200529903e+01,9.182429703905226059e-01
8.701548556652026036e+02,2.059517348743954557e+01,5.722728665677723203e-01
8.790162224937279234e+02,2.042942630121514469e+01,4.191468202308955560e-01
9.534824592412118136e+02,2.118943769221927909e+01,6.408635701126506046e-01
9.454157307261349388e+02,2.114853451072886159e+01,7.780040965878308734e-01
9.842310022863463246e+02,2.150564177236502772e+01,7.005327439004876977e-01
9.843151331836279496e+02,2.149479250094863758e+01,6.583060943828341616e-01
1.054831333574280961e+03,2.214922218410813670e+01,5.969928004140188094e-01
1.058241186197948082e+03,2.216152633621306478e+01,5.173501541860554553e-01
1.105870152524095829e+03,2.258473953879151708e+01,4.509554660686329042e-01
1.046456584351591118e+03,2.208101378239001633e+01,6.364277004649142588e-01
1.101960997045265458e+03,2.267380484240080918e+01,9.442275537244684269e-01
1.149907292528896960e+03,2.335090028606949275e+01,1.949651274212232055e+00
1.175301623401084953e+03,2.353065633848342131e+01,1.749906601092881431e+00
1.179126438716078383e+03,2.350735535833199563e+01,1.508780015460080337e+00
1.217227012780769883e+03,2.386449162104808153e+01,1.609299252210132591e+00
1.304501543263822214e+03,2.445715699176457392e+01,9.586550086008372995e-01
1.345812481035545261e+03,2.468196114690123011e+01,4.323151289277462617e-01
1.389236205219015346e+03,2.504924386011553494e+01,4.638563890365005604e-01
1.328660557233452437e+03,2.459983513544500511e+01,6.963788326429936060e-01
1.379520948475192881e+03,2.498509177899388689e+01,5.345702024233478511e-01
1.368768217632329424e+03,2.494072414699849816e+01,7.222613389060087430e-01
1.433524047967156093e+03,2.543260886712091207e+01,5.562821156619479623e-01
1.491728795559839000e+03,2.591799594370770166e+01,6.296060982534723571e-01
1.502872587511114261e+03,2.598045338700764617e+01,5.174213513603657111e-01
1.486771879330129650e+03,2.591611637242637300e+01,7.946956075863027547e-01
1.425730852313889500e+03,2.550627680140733133e+01,1.150755315842265647e+00
1.355663959388678904e+03,2.487709778814078021e+01,9.153178948564585360e-01
1.316521075023280673e+03,2.454838719521636747e+01,9.083735956830718550e-01
1.317924335157054884e+03,2.448472649896142173e+01,5.931999383611356036e-01
1.254346307209781344e+03,2.386846260752142612e+01,2.954463862666495966e-01
1.216331544164459501e+03,2.354409123436588658e+01,3.268994456398517934e-01
1.120584895355284289e+03,2.271610022064702861e+01,4.396245621558562688e-01
1.219002137983512057e+03,2.360536598894291060e+01,4.781482797829116893e-01
1.305305680547069187e+03,2.434295191806115000e+01,4.484373363737757523e-01
1.376862833724009533e+03,2.498013629302027283e+01,6.101436966998687872e-01
1.446050646118479335e+03,2.549793137741376370e+01,4.005484067674980331e-01
1.472665874942542132e+03,2.567872973194399577e+01,2.596292812389003890e-01
1.548702894024533634e+03,2.631069066103405163e+01,3.796965055448197068e-01
1.516358164197063843e+03,2.602051060931184168e+01,2.261626887857425550e-01
1.533309729439870807e+03,2.620706732974347730e+01,4.543150190878960659e-01
1.540936144951258484e+03,2.626682759993403238e+01,4.563673449912730717e-01
1.548829906833856967e+03,2.632229642903013200e+01,4.252284283459429881e-01
1.529399091368641393e+03,2.613025418559884727e+01,2.532210573850565694e-01
1.556989504585136046e+03,2.637978968252398815e+01,3.979518775267548159e-01
1.573536279376683524e+03,2.649339999698563730e+01,3.295458869042339201e-01
1.612203477617921408e+03,2.682017549303757420e+01,4.508608043245206920e-01
1.592652990260399974e+03,2.669960973738453092e+01,5.834743624200119383e-01
1.595196884781989638e+03,2.670449213037904457e+01,5.223839321784921053e-01
1.623346247438963246e+03,2.687469040036645751e+01,3.210960909524301354e-01
1.693324354898001502e+03,2.749215430345160271e+01,7.086018859569950257e-01
1.701872967129457265e+03,2.749120005395178268e+01,4.151338591912133169e-01
1.632015656043121453e+03,2.695376968190292288e+01,3.735361461134207861e-01
1.657124569539696722e+03,2.711312789275419277e+01,2.288791669353465452e-01
1.618734125010555090e+03,2.685597542985844655e+01,3.944037509424099808e-01
1.555327034485706918e+03,2.647342631662217016e+01,8.730687689372766958e-01
1.600549841296523482e+03,2.678839943520284805e+01,7.315468787636379977e-01
1.725969680816573600e+03,2.770742225223325406e+01,5.762508231015058824e-01
1.716514628790239158e+03,2.757869718772553824e+01,3.119557832882158821e-01
1.689923895023569003e+03,2.740022909407745999e+01,4.110196324039201987e-01
1.759708120059235853e+03,2.794639910224124435e+01,5.263437543749005521e-01
1.760845760115681060e+03,2.795084890591997961e+01,5.076906933545604073e-01
1.786788885169178457e+03,2.816565733565777663e+01,6.218307330561309021e-01
1.824384028331665832e+03,2.842453129529458522e+01,5.507326500327590635e-01
1.808778768906065807e+03,2.829255930207988712e+01,4.646086649578144434e-01
1.770196480641843664e+03,2.805512588905896010e+01,6.737744631429599673e-01
1.736883425359737657e+03,2.779723006863198265e+01,6.168109264706909123e-01
1.743813928650681646e+03,2.787738560479125383e+01,7.505441800979923972e-01
1.736754000203694659e+03,2.781045705258680201e+01,6.896041530365095706e-01
1.670251668221381806e+03,2.729044464845589957e+01,5.796108277076837956e-01
1.650379642301280455e+03,2.717119756230495398e+01,7.236796526940321161e-01
1.618822460820608967e+03,2.696236013331371950e+01,8.659426982918194682e-01
1.645084733014909943e+03,2.715225292726625383e+01,8.209126266717149401e-01
1.695628496723706576e+03,2.749039453496528296e+01,6.225165766682054791e-01
1.729451449594319001e+03,2.770203478375508510e+01,4.331831677762752464e-01
1.689670273498135657e+03,2.742653909366169174e+01,5.462339797227115934e-01
1.620264601877056975e+03,2.689309327916501857e+01,5.050117771938192890e-01
1.641341661023054485e+03,2.703534677597540536e+01,4.191508931333268739e-01
1.631680232179574432e+03,2.699442974120694316e+01,5.668489101448356271e-01
1.630520279116901293e+03,2.700433306526893418e+01,6.521810355260635461e-01
1.598691326232351912e+03,2.672615978783019131e+01,5.019925712261388284e-01
1.570454668014125218e+03,2.647992197850445706e+01,3.780696320887098061e-01
1.569115924037275136e+03,2.648187210077000842e+01,4.327087591079085693e-01
1.567135214914757626e+03,2.648414289798982324e+01,5.113572748076085084e-01
1.572033248642894705e+03,2.652853486000737249e+01,5.396577546026937178e-01
1.553996986084161563e+03,2.640971138346046843e+01,6.379638472562690898e-01
1.523846296066003333e+03,2.611856337559400387e+01,3.987112917037128335e-01
1.471966044508395044e+03,2.572523185449011862e+01,4.890794370186486995e-01
1.433424557828688648e+03,2.540558509685942212e+01,4.478119255961290346e-01
1.439215267834479164e+03,2.541456777329053907e+01,2.839288222268355755e-01
1.428045291665925561e+03,2.535565736811711446e+01,4.200647266505790345e-01
1.453090669679103939e+03,2.554714144603733317e+01,3.722745120019655962e-01
1.451184493303187992e+03,2.549517590323898020e+01,2.198903182844054727e-01
1.380701149588382577e+03,2.494197303851749226e+01,3.197897037069504789e-01
1.330503919256426798e+03,2.453465863566383121e+01,3.630879031910324017e-01
1.308423742754576324e+03,2.437169857851290544e+01,4.627469232372645735e-01
1.301400582070523342e+03,2.425886372475309116e+01,2.441242309502077157e-01
1.336241971751455139e+03,2.452257772812398784e+01,1.182109460041179533e-01
1.340884214760444138e+03,2.464992178435388226e+01,4.852840371417003751e-01
1.310123355041027708e+03,2.439792720891376021e+01,5.108980930442302837e-01
1.290247910764237076e+03,2.419065478007376413e+01,3.590965662675260073e-01
1.195665206208772815e+03,2.333549319374329301e+01,2.539364999026078595e-01
1.139621915300613637e+03,2.284377844133862112e+01,2.705220897220169674e-01
1.164110894046589465e+03,2.313183231465992407e+01,5.314164593165832118e-01
1.158213366372281143e+03,2.310866101797311956e+01,6.520952619050855992e-01
1.185863076871038857e+03,2.329732677078084180e+01,4.154473993209851779e-01
1.175084079532054602e+03,2.319947309013046777e+01,4.079295672167751463e-01
1.154711546027796658e+03,2.301569130340740443e+01,4.033609425637558199e-01
1.141485131027594434e+03,2.288922447908348801e+01,3.735336951144572204e-01
1.172601344601797337e+03,2.318631958793471526e+01,4.534439200990383889e-01
1.210837822583488787e+03,2.352550819733622234e+01,4.467784244717231124e-01
1.208785373823336613e+03,2.348864576894094114e+01,3.716213656884029826e-01
1.200194046788549940e+03,2.340141290405005137e+01,3.267970411283267484e-01
1.185826715693381857e+03,2.324936031231736777e+01,2.260931303514207291e-01
1.144310013598538717e+03,2.291527063014840238e+01,3.862473664607577462e-01
1.101396522271282265e+03,2.253964206796628034e+01,4.367886730238212389e-01
1.081648148722095129e+03,2.235420296251080075e+01,4.258338657568004337e-01
1.044579902338159400e+03,2.201176309279080456e+01,4.390172199610451464e-01
1.061315529204077166e+03,2.212725866812430198e+01,2.878761770921001717e-01
1.111917011567549480e+03,2.260314958651022366e+01,3.086357843368289777e-01
1.118515968075421370e+03,2.262279999137217601e+01,1.482043791912598385e-01
1.068248855011963087e+03,2.218237156188536474e+01,2.485025922278807087e-01
1.042426526802226590e+03,2.201153273166075408e+01,5.169227898398898180e-01
1.082414165328560557e+03,2.239246388982639857e+01,5.519335806078525808e-01
1.085784763846580063e+03,2.243313928731508611e+01,5.889722766242795338e-01
1.073309889076052059e+03,2.234615069998547199e+01,6.992289613101146939e-01
1.080978131119488353e+03,2.244269310461541878e+01,7.988509517548363359e-01
1.060893575717270096e+03,2.220837140087306594e+01,6.114059234474259474e-01
1.056841986800798395e+03,2.213032162918230483e+01,4.537354169974325835e-01
1.037618308844821286e+03,2.197428597448314491e+01,5.526966420702159599e-01
9.765131894527851273e+02,2.146606484678873272e+01,8.438570097897561961e-01
9.271774482426233135e+02,2.098865390130783481e+01,8.603894349320276858e-01
8.642063214264568387e+02,2.032465865063360866e+01,7.683514491094696197e-01
8.075379801808845741e+02,1.968773723384763485e+01,5.720135128115491074e-01
8.556645086775029085e+02,2.009733077392512257e+01,2.661036166520922563e-01
9.259849994453900308e+02,2.086077252101921076e+01,4.255422884613986878e-01
9.480907255294303013e+02,2.109831113216668186e+01,4.950579815862156119e-01
9.433099450210667101e+02,2.104124632232376158e+01,4.573146859800655273e-01
9.530787066537042165e+02,2.112607287971136927e+01,4.186240542466147518e-01
9.919889608129620910e+02,2.150280156611314197e+01,4.115130012759852796e-01
1.023112977619004482e+03,2.184445039623426865e+01,5.771711364253727661e-01
1.083811293384047985e+03,2.242305359272028298e+01,6.336512778652623190e-01
1.100323710932978429e+03,2.257944144881786031e+01,6.425413449456736092e-01
1.083931147969965650e+03,2.241944147657220299e+01,6.009492716653467292e-01
1.163780665740212044e+03,2.312257936017837778e+01,5.385895451598744499e-01
1.265791155995276995e+03,2.400479133518681962e+01,4.585214618399759412e-01
1.316271873602780715e+03,2.442519779001202096e+01,4.120522449775428919e-01
1.340224737053069020e+03,2.463708444502463735e+01,4.509839309810247387e-01
1.376901338045806142e+03,2.496774022963453632e+01,5.593058296752903003e-01
1.384612842607675020e+03,2.502601604678138614e+01,5.367184833452703918e-01
1.385432882980097702e+03,2.504238112129261751e+01,5.791891851961582516e-01
1.402164440821861490e+03,2.514631262896186925e+01,4.306477920921679692e-01
1.433893355379858804e+03,2.540797069374444206e+01,4.528952907017764762e-01
1.449313068863438957e+03,2.554079386762420611e+01,4.810210751941795260e-01
1.433853557107163624e+03,2.538009944902813331e+01,3.207248866140829380e-01
1.429202776952156910e+03,2.536702967854717272e+01,4.307424643947422305e-01
1.459251400260668106e+03,2.561432761757465570e+01,4.569401659622260303e-01
1.463197754883869266e+03,2.562947775759789693e+01,3.791547942552023764e-01
1.444592575999400879e+03,2.544715748115813270e+01,2.382281222538402132e-01
1.439810805298859350e+03,2.543335555021132421e+01,3.485219308875641131e-01
1.463324298272180386e+03,2.566017420289260897e+01,5.003630752715366725e-01
1.503540120217514868e+03,2.596603403233561380e+01,4.323882001919269746e-01
1.518097592248682986e+03,2.608670453147595580e+01,4.660522841965117347e-01
1.521890896290397905e+03,2.609198778938105789e+01,3.526073605097558850e-01
1.506032573060123696e+03,2.597264466248581272e+01,3.750751942786981763e-01
1.542367701769944233e+03,2.627747945040828981e+01,4.582247511049793998e-01
1.599095585960752032e+03,2.669669724262324095e+01,3.580796809979335249e-01
1.649277465121994965e+03,2.709682615058095578e+01,4.269974609001717658e-01
1.729561889316250927e+03,2.773559654969822574e+01,5.866568121301752869e-01
1.770792409520734964e+03,2.805737714119625181e+01,4.638741498284001952e-01
1.745497433145390687e+03,2.784274197898448122e+01,3.570566872203435049e-01
1.649677760282482950e+03,2.708685720560117005e+01,3.919723270965298489e-01
1.509799169000962820e+03,2.602625738879444484e+01,5.021914678040153568e-01
1.448246314611553089e+03,2.553538381138649882e+01,4.837762090619114330e-01
1.464824360279286111e+03,2.566710866174486938e+01,4.772543280401036481e-01
1.493104620745994907e+03,2.589295952955757940e+01,4.721062280355893259e-01
1.512811694924399717e+03,2.601792690851690182e+01,3.447921143490884632e-01
1.533261228865387693e+03,2.619470785830681336e+01,4.197436456848561148e-01
1.442559701340087258e+03,2.544037128458130326e+01,3.458689353397769173e-01
1.299797050086564241e+03,2.424590490398351506e+01,2.574393325466057814e-01
1.291594525441156748e+03,2.418100685019407337e+01,2.702907329352632337e-01
1.326924159991287524e+03,2.447444135602259152e+01,2.443225589864924108e-01
1.377626464736765229e+03,2.491110208939844384e+01,3.102142459997267454e-01
1.437338574096793536e+03,2.541897295422583269e+01,3.778285072949355006e-01
1.432253130268783480e+03,2.538338013019348693e+01,4.038892887913650975e-01
1.405954587805771325e+03,2.515503569386848426e+01,3.435913120395226450e-01
1.277848811756615532e+03,2.406796903269772159e+01,3.614938242127492818e-01
1.151454240301494565e+03,2.297283224366496768e+01,3.413183346175163724e-01
1.129837796422536258e+03,2.276659159150533185e+01,3.069014271257288762e-01
1.130687705479056604e+03,2.278193745399868320e+01,3.376990463586025948e-01
1.183355262027710751e+03,2.325206874449006733e+01,3.378051048105973342e-01
1.205906894252932261e+03,2.347444567308185270e+01,4.157845356086913302e-01
1.238129361133326256e+03,2.375879137386628415e+01,4.423576715887195254e-01
1.250938135782068912e+03,2.388538233003592737e+01,4.959075356095834497e-01
1.221713354860527033e+03,2.366353523575126161e+01,6.208021270478978337e-01
1.222761006416046257e+03,2.364550937764442295e+01,5.158257449687707608e-01
1.229575351160411401e+03,2.369069590702732597e+01,4.654844746303542502e-01
1.229883004743666788e+03,2.371509043609841072e+01,5.412471652806044586e-01
1.265080645005292354e+03,2.399094527332145788e+01,4.170368437478362278e-01
1.286680281580415567e+03,2.414006919196650358e+01,2.672102964627977029e-01
1.286443084545631336e+03,2.410650523371096199e+01,1.378641319034059620e-01
1.264477068772982193e+03,2.393269915274201409e+01,2.127287182222976081e-01
1.200731302388603581e+03,2.340199213767216335e+01,3.142274879293073808e-01
1.214742784916617211e+03,2.350350402244028558e+01,2.251156780338975372e-01
1.304888372237628118e+03,2.428062462348361095e+01,2.276370782425776729e-01
1.396761294391346382e+03,2.507241070971226549e+01,3.127772633188650730e-01
1.439429417542996362e+03,2.542335699342869404e+01,3.104626430265278181e-01
1.417819868573957137e+03,2.525453097791265478e+01,3.497835211228284003e-01
1.395848531439984981e+03,2.517627735648648013e+01,7.955529277054530501e-01
1.386256788311292894e+03,2.518773286445576076e+01,1.182066263706614828e+00
1.356337620912955117e+03,2.496158286544116223e+01,1.259834851159590929e+00
1.370936251561580548e+03,2.507269613847319789e+01,1.218481341600761159e+00
1.444650258835798240e+03,2.561976087593563278e+01,9.846249746087225585e-01
1.494786189564164033e+03,2.594396479436680991e+01,6.521814103209632174e-01
1.513659114246559966e+03,2.604561478773104710e+01,4.412158583989856386e-01
1.536122162642165449e+03,2.625852043756938414e+01,5.812154442500654383e-01
1.538409295094553272e+03,2.635114048690379462e+01,9.060446752126884995e-01
1.521675699118113698e+03,2.622462255969236011e+01,9.493106025916302482e-01
1.497310519737265395e+03,2.603412230512778436e+01,9.671951830956451168e-01
1.507929358114702609e+03,2.613804006636683397e+01,1.041071796996291488e+00
1.577258799143167153e+03,2.663943071323970102e+01,8.524812678563932211e-01
1.595762104800259067e+03,2.675754571084081590e+01,7.409613421885999918e-01
1.583796808849684794e+03,2.664851483914675967e+01,6.709826594538123024e-01
1.584616929569994227e+03,2.666618655731397780e+01,7.226359143328455747e-01
1.572906540374520773e+03,2.661969075399641937e+01,9.121989304167705814e-01
1.599521231891188336e+03,2.681430917747202258e+01,8.718453383119328937e-01
1.664254016669153089e+03,2.730844210209227185e+01,8.733916614263061984e-01
1.710253439586111426e+03,2.765584520492777187e+01,8.778753248647791496e-01
1.712024341707095346e+03,2.763459225119723328e+01,7.227525492337212309e-01
1.693284074055228530e+03,2.753087999080841541e+01,8.846597511514600054e-01
1.652919745096747420e+03,2.727696282014177953e+01,1.130845519070147853e+00
1.625980058788875795e+03,2.702169108749990656e+01,9.046907303750917340e-01
1.658100112100467868e+03,2.721528924861567234e+01,6.673141899527317289e-01
1.724218427311185224e+03,2.770464840620133629e+01,6.376653081909842147e-01
1.759177224470878400e+03,2.797570708840436637e+01,6.847168530482820037e-01
1.712022978814373573e+03,2.765109382979691688e+01,8.012247591596683982e-01
1.709090391489767626e+03,2.765048613654566267e+01,9.014403699467128384e-01
1.711073850326936508e+03,2.768324701692513301e+01,9.857645158708844280e-01
1.664388257108551898e+03,2.726675479006486924e+01,6.760878079176348976e-01
1.673315053688843363e+03,2.731317291679296133e+01,5.831992155579983628e-01
1.735957352726024965e+03,2.775242705320903269e+01,4.413394146250385064e-01
1.765501487339983669e+03,2.796854048772419432e+01,4.308114935899299835e-01
1.769219936509164427e+03,2.803936789278029451e+01,6.393001713104902173e-01
1.777823735909208153e+03,2.811601710898893813e+01,6.925165133516788529e-01
1.747733384589924526e+03,2.787564915211821415e+01,6.023924134204700076e-01
1.714402715479038989e+03,2.760476527628224730e+01,5.007110661957544506e-01
1.695409917041180961e+03,2.742761227811363511e+01,3.448301270158936060e-01
1.706099577926838037e+03,2.749941245504885146e+01,3.087394607861871920e-01
1.760438325923148113e+03,2.795297977035371773e+01,5.304210771807452707e-01
1.779521442631100172e+03,2.809433512619720830e+01,5.405467867097262236e-01
1.784547892298817715e+03,2.812424428364179008e+01,5.149438270752899616e-01
1.788697696292719002e+03,2.816380237562266586e+01,5.518593424051115859e-01
1.760753373631351451e+03,2.792248420255356578e+01,3.818254974777853250e-01
1.700624345067029253e+03,2.749860723969536025e+01,4.931696239893856859e-01
1.661762418678835729e+03,2.719658328206235609e+01,4.454781975150461371e-01
1.688196675716957770e+03,2.737138031342880495e+01,3.282795355696245254e-01
1.721437596260014288e+03,2.765169278574721901e+01,4.780120368943396869e-01
1.719973492406568994e+03,2.767496670136756975e+01,6.372040447771588623e-01
1.700368990475968531e+03,2.753780976371558964e+01,6.814980758155235741e-01
1.733341444774541969e+03,2.773440335346523256e+01,4.574731218785521580e-01
1.649411948603222527e+03,2.711946707338869089e+01,5.189834941032146487e-01
1.635449786891344502e+03,2.703951080722486111e+01,6.388354072524004001e-01
1.668333425049070001e+03,2.727335538149239369e+01,5.703956877847150553e-01
1.681718739506356087e+03,2.736904438853481025e+01,5.415470758415772412e-01
1.682475160431804625e+03,2.735146363573690209e+01,4.286787339597046831e-01
1.681915802521514706e+03,2.732767954679848899e+01,3.478406201060869618e-01
1.664193508720676846e+03,2.716422915504372426e+01,2.178116205686943807e-01
1.628664004266645406e+03,2.689826495629438696e+01,2.408081500165583089e-01
1.636089926820367282e+03,2.701630042423144218e+01,5.176050042359481296e-01
1.670230236575312347e+03,2.731640908576545002e+01,7.006981194736683349e-01
1.691736806087914147e+03,2.749295635089416123e+01,7.652452635128783598e-01
1.719140644254406652e+03,2.768061733807280334e+01,6.904468095781782777e-01
1.674565824516535713e+03,2.731488869103354844e+01,5.448438855279922333e-01
1.618787712343412295e+03,2.684983047940000844e+01,3.595122297687292079e-01
1.585630936083996630e+03,2.660397829586378293e+01,3.989598342254331298e-01
1.614849647720342318e+03,2.681100137352356683e+01,3.156180180251774159e-01
1.652302018858051952e+03,2.710007551476645560e+01,3.270238916303805921e-01
1.665967914896403045e+03,2.721541745742045393e+01,3.847766097753616554e-01
1.625212120470422178e+03,2.694980042816384369e+01,5.987510464012052447e-01
1.576570953563824787e+03,2.655287975394436728e+01,4.934726688169757125e-01
1.587650115639980413e+03,2.664573489305766429e+01,5.243309612413122878e-01
1.645128846053426969e+03,2.712540992489963187e+01,6.905294968010965428e-01
1.648322513400940124e+03,2.713247264633081457e+01,6.135104594966851455e-01
1.599659931518937583e+03,2.670995965534377348e+01,4.183195120689165436e-01
1.370640842546812337e+03,2.486470604735735535e+01,5.334100156203699372e-01
9.622851289577648686e+02,2.108596084197616349e+01,2.769226169932070269e-01
5.787098913621359770e+02,1.698917311250142603e+01,3.566995002956201977e-01
4.304507154656431567e+02,1.509858351941899279e+01,3.968778658165506568e-01
4.951705936571702864e+02,1.587741997256040527e+01,2.775893783211949017e-01
7.444645533958849910e+02,1.882969548722904207e+01,3.980740715280483427e-02
9.144263480722710256e+02,2.069635245112425181e+01,2.433898013214819966e-01
8.864922172224657970e+02,2.038898119564625944e+01,1.990749727081965181e-01
7.363502337490274385e+02,1.885876874641196110e+01,3.612883545470232383e-01
7.368252511310284945e+02,1.892080556929855462e+01,5.670062794020925834e-01
8.217570499560313237e+02,1.975757128020101661e+01,2.908281167529031541e-01
8.696737034041428842e+02,2.024847762185235922e+01,2.647513647996552755e-01
9.202687696070647689e+02,2.077783099590893556e+01,3.209572796964448860e-01
9.130165093995104826e+02,2.069413190575220796e+01,2.819108516959741850e-01
9.222204441471111522e+02,2.078726351336476341e+01,2.879424138648378206e-01
9.343112909322265978e+02,2.090045607807831374e+01,2.619429726545966508e-01
9.328692954550957666e+02,2.085403157939051866e+01,1.666711772046043927e-01
1.073499003672005529e+03,2.222893997280125689e+01,2.341184021254340830e-01
1.148633829714847025e+03,2.296650311260855304e+01,4.228455208203885096e-01
1.162345465485636623e+03,2.304381176957720001e+01,2.412428668300515000e-01
1.089569454841533116e+03,2.243063434344722040e+01,4.325858633918688301e-01
1.049507176097956517e+03,2.206370046421937303e+01,4.609899000904643107e-01
9.923692804407021413e+02,2.149064830875112975e+01,3.495218217925814552e-01
9.320468158965923067e+02,2.092534196149812331e+01,4.437961298213897177e-01
1.024833021374122836e+03,2.191976199253658564e+01,8.046877071040005047e-01
1.114452619526081662e+03,2.277204231444013516e+01,8.835158437550562072e-01
1.082146882470043010e+03,2.246560785681438688e+01,8.404937181846108274e-01
1.052917350105523838e+03,2.217626042912558404e+01,7.754400199744023725e-01
9.928971264216460213e+02,2.153892295019947056e+01,5.053406317391400115e-01
1.010894790825615132e+03,2.168977427852619400e+01,4.260475590835501869e-01
9.966829174339834481e+02,2.155264534385300124e+01,4.185467976334003581e-01
9.790311439064491879e+02,2.143540584193295473e+01,6.218291525139488796e-01
9.713072676951931044e+02,2.134840763893692994e+01,5.783392201245275421e-01
9.249225629557455477e+02,2.091338183179211541e+01,6.500884638791605274e-01
9.519520563366509123e+02,2.117579966937284297e+01,6.443482259364571307e-01
1.025383391679592251e+03,2.193114405942846901e+01,8.244497927222392830e-01
9.555507654150596863e+02,2.115569386006859176e+01,4.309958293887750091e-01
9.598398359163418263e+02,2.122638222272450292e+01,5.394087445824871097e-01
9.830604926308999438e+02,2.141938505808372639e+01,4.144450954180010638e-01
9.533521482816737489e+02,2.114984876553775806e+01,4.912627873094604913e-01
9.115984343938869188e+02,2.065287852103756450e+01,1.827395145724502457e-01
8.484701486440808367e+02,2.019749929285798018e+01,8.675723296576957067e-01
7.743965013143497345e+02,1.935709347169627037e+01,6.513585749553465476e-01
7.721807837720459702e+02,1.927283014766224056e+01,4.372609143694781708e-01
7.679628714647128618e+02,1.933379949268211462e+01,8.183627547172338534e-01
7.247461076664095572e+02,1.881193881929642231e+01,6.417704955313606741e-01
7.448201618663807722e+02,1.906078821851316007e+01,7.398047885004007673e-01
7.419935207898600993e+02,1.895750475691833969e+01,4.856326435654207407e-01
7.350505266474465316e+02,1.890685276591025143e+01,5.753600897745454468e-01
6.949914463650920879e+02,1.845934382095714810e+01,5.748646064907190212e-01
7.440032688008606101e+02,1.892438732208734820e+01,2.967707152061165310e-01
7.268863175758983743e+02,1.869464724383030685e+01,1.608049750806262446e-01
7.668600496747346824e+02,1.919408566336395339e+01,3.679559800561700289e-01
7.600970101914145971e+02,1.917900816073464654e+01,5.723360051355387279e-01
6.705099429798578967e+02,1.827848005683008381e+01,9.153115214781842868e-01
6.724543558018002614e+02,1.820480962879233644e+01,5.820869183727389595e-01
6.279777805931953480e+02,1.773195480459495244e+01,7.332781820467645373e-01
6.020355585355285939e+02,1.737174225500183411e+01,5.648926805039113930e-01
6.285250166349886740e+02,1.763604808625811771e+01,3.962444692717568273e-01
6.351796819650074895e+02,1.770720107404952515e+01,3.691360651110457414e-01
6.568617829101416419e+02,1.804906727869502348e+01,6.653621900503853270e-01
6.898135239377078278e+02,1.837070465659830631e+01,4.760186329611327261e-01
6.900838826072733809e+02,1.834640243002048976e+01,3.807621793975854985e-01
6.738251835178097053e+02,1.812174892346372346e+01,2.529981116885344772e-01
6.669916886769724442e+02,1.806459707607420739e+01,3.234574958218250362e-01
6.606140743248288345e+02,1.800230888488998815e+01,3.620979780667265002e-01
6.333317891500744281e+02,1.775660289506721767e+01,6.057076614827986427e-01
5.797567152321837511e+02,1.711264076396574652e+01,6.089964727449004300e-01
5.264269528060805214e+02,1.646925603062212318e+01,6.775000830839502663e-01
5.062425366767567425e+02,1.619449425515038854e+01,6.226075972413085413e-01
5.514545079208916150e+02,1.670531351249780982e+01,4.293065995476872398e-01
5.640349706880774647e+02,1.683346797837850062e+01,3.288338956782163036e-01
5.921791352229463428e+02,1.716661387571984676e+01,2.915850074892299415e-01
5.780331903168896588e+02,1.695324554913794302e+01,1.646635680437769922e-01
5.164733055124210068e+02,1.614953802651678672e+01,9.918723338573597059e-02
4.765840084487234662e+02,1.564132864341529050e+01,1.372337124161641941e-01
5.040298777990632288e+02,1.603382740520173044e+01,2.311945153740409820e-01
5.579068484483063912e+02,1.672895912786879080e+01,2.511859828323562693e-01
5.615568483484411217e+02,1.674747057593609867e+01,1.581583870604421349e-01
5.323861969126594431e+02,1.643050830302764709e+01,3.178661471664372407e-01
4.774954244790212101e+02,1.568639049214042025e+01,2.511772567926935928e-01
4.598044871447788182e+02,1.545043312439304550e+01,2.397200435048957856e-01
5.042751589274641333e+02,1.601002812629055327e+01,1.550807992513382194e-01
5.027039460985029677e+02,1.604811119960520571e+01,3.208869457357943489e-01
4.855048236325056905e+02,1.586832721792540113e+01,4.570144185325472619e-01
4.758868147528139616e+02,1.570427993692707069e+01,3.498463466470508321e-01
4.460783050702303285e+02,1.530445321623535904e+01,3.679365826760527258e-01
4.011656187184686360e+02,1.468408868157197311e+01,4.034924251634043890e-01
3.851643333370711275e+02,1.444917971841062787e+01,3.827595041925313524e-01
3.992932030969809034e+02,1.462461334978202032e+01,3.018169544531826842e-01
4.239177750972052081e+02,1.492479780768773345e+01,1.589225815047471402e-01
4.503873219767610294e+02,1.527218187202824673e+01,9.748013810214466168e-02
4.441423836188810128e+02,1.517821434552833182e+01,7.660784851934096529e-02
3.973953382137871699e+02,1.452764744522563234e+01,1.229490740137084565e-01
3.731479156547677007e+02,1.414256266519501359e+01,2.653297326372508133e-02
3.530762023737326558e+02,1.385705308083570486e+01,8.018495077517395764e-02
3.202511094496368855e+02,1.337026120221674397e+01,1.383897402600318682e-01
3.102069568761061191e+02,1.317045124927478916e+01,3.052226923704321609e-02
3.235869841439026686e+02,1.341353859767632883e+01,1.119328928763642372e-01
3.371651050989545411e+02,1.363602712793530003e+01,1.328640278364842942e-01
3.526271066362538136e+02,1.386025969133523894e+01,1.031495070578608703e-01
3.601070527548535551e+02,1.396238136491532522e+01,6.929560140898384513e-02
3.330065574639094166e+02,1.357454966080226200e+01,1.497824084785156495e-01
3.148817829096871037e+02,1.331057183298107915e+01,1.997153116534982620e-01
3.010403132170748677e+02,1.303566355364278806e+01,7.534090762325992841e-02
2.723110577904495244e+02,1.261799617769031556e+01,2.116283688165346288e-01
2.683834931119109797e+02,1.257268825434828052e+01,2.640843101635553802e-01
2.703917001354544709e+02,1.259395369692623490e+01,2.346821949902295479e-01
2.835563416086889106e+02,1.281999278090826344e+01,2.590944233168290811e-01
3.205058186048049720e+02,1.338838076869690852e+01,1.730156011667770555e-01
3.277557434132642129e+02,1.344304428347729718e+01,2.003762515284368551e-02
2.955866371933209393e+02,1.295379251799848142e+01,8.877790272809156502e-02
2.625372990655795320e+02,1.240625342668755238e+01,1.089706588244720581e-01
2.320505706490328919e+02,1.192556751743691557e+01,2.306243004989446121e-01
2.240224361912116819e+02,1.174373816639916157e+01,1.435019028102472727e-01
2.152137406364704191e+02,1.158172179455821293e+01,1.419553431030085855e-01
2.128760771447208526e+02,1.155217028317774108e+01,1.764667381704990712e-01
2.229985063585945113e+02,1.178491014514885293e+01,2.818159583731352780e-01
2.317878214205462655e+02,1.189271475868898698e+01,1.606069430275540166e-01
2.336637999766260805e+02,1.191114479696701522e+01,1.264711821662205804e-01
2.322574705254826597e+02,1.185481393433404662e+01,5.312935277651621019e-02
2.221621422753794093e+02,1.171052113142733120e+01,1.452624661495762193e-01
