# ADU, ADU Uncertainty, Sky ADU
2.334026908814246237e-02,6.147692701429517292e+00,1.244188166139773982e-01
4.595781145422438152e-02,6.147732740224875592e+00,-6.809151416632014744e-03
2.115432099510431221e-02,6.146948714485322540e+00,1.758263730391501287e-02
2.280433016574300725e-02,6.147197432927781868e+00,5.075030277163866677e-02
4.669767437883143013e-08,6.147388599927850805e+00,2.192971181119889867e-01
1.471267879548928369e-02,6.147549845343784014e+00,1.552332032241074966e-01
2.023304280252010909e-03,6.147801848123804369e+00,2.716441372788558350e-01
1.655385452265196750e-03,6.146111982616618619e+00,6.203980727534469733e-03
3.198205168307623886e-02,6.147890943319073820e+00,1.020541228141793461e-01
1.760638828158455141e-02,6.146538655125441508e+00,-2.107312003574038708e-02
1.823072460814533294e-02,6.147155790787852681e+00,6.668358211223006371e-02
6.883302011020597799e-02,6.148355668058456125e+00,-5.226196379148341509e-02
1.247389660700029719e-02,6.147296814900238715e+00,1.233423696566035566e-01
3.692247687587969784e-02,6.148624321872527609e+00,1.908969475419442507e-01
4.602638752246072246e-02,6.147190235352533172e+00,-9.352867887751228904e-02
2.732798168096990318e-02,6.146516450447619739e+00,-9.064755412194312745e-02
2.993318705576922950e-02,6.148029126842962100e+00,1.413745452818777337e-01
7.751544768678930719e-02,6.148526032654131335e+00,-7.265239372576290378e-02
3.759701085566374140e-02,6.147484918758942207e+00,4.842741212348293696e-03
9.901062122435111065e-03,6.146236587306731280e+00,-9.334393416150003897e-02
3.757545927056579055e-02,6.146759337966680725e+00,-1.131392589348632904e-01
2.441700434040191062e-02,6.147040686660054654e+00,9.805337394158260625e-03
4.336778889141901239e-02,6.148558457313999526e+00,1.403783850503930730e-01
5.702523483000378202e-02,6.148023233130964549e+00,-3.198876008692617262e-02
3.623292851599423971e-03,6.147089146505449797e+00,1.479036166984855072e-01
5.474422845713291380e-02,6.148301620779129451e+00,2.882759291440062724e-02
3.627312155026052309e-02,6.147777697274548814e+00,5.995436755798053824e-02
3.808336138909052038e-09,6.147223463067801319e+00,1.910962725053501066e-01
1.143305782791303044e-01,6.150344674978668102e+00,-1.688461241838174962e-02
2.333543716165609172e-04,6.146497260086331238e+00,6.783995212749482917e-02
4.358161303663535269e-02,6.147807950402770949e+00,1.412423049716094066e-02
2.341402356390897069e-02,6.146375477573139179e+00,-9.769681288791982887e-02
2.238808186774356949e-03,6.146520907192766003e+00,-8.743032347120657799e-02
8.244188721917991916e-03,6.146093660645996160e+00,-5.758563702370060600e-02
1.794501445053703001e-02,6.148005615992620854e+00,2.045409705563762948e-01
1.027834976249295679e-02,6.146959836493257612e+00,7.810757974527937630e-02
7.661148450627174901e-03,6.146228201943767289e+00,-1.286474799693205530e-02
1.039508955956690156e-01,6.149295020411184254e+00,-1.185017359426960848e-01
8.057358561681683684e-02,6.149399176326796557e+00,4.819126706817285222e-02
5.527667006409012207e-02,6.148957460983751844e+00,1.270977874906721317e-01
6.188754508337126602e-04,6.147859819990934227e+00,2.863755492437498051e-01
8.798419036110633829e-04,6.147535625929355874e+00,2.327743114172897143e-01
4.315731118035007891e-02,6.147653856730723732e+00,-3.891977196751705229e-03
3.448630745147117892e-03,6.146268138837831074e+00,1.541310633236767612e-02
7.535355731045498100e-03,6.147531191226320857e+00,1.925744778630723020e-01
5.529758215280568615e-03,6.146126326030429077e+00,-4.853213973016927418e-02
1.545161118904054588e-02,6.147465966092916290e+00,1.314513593612879339e-01
3.140294480457316018e-02,6.147673411247853714e+00,7.361712487257207616e-02
1.023351317174109737e-01,6.149041752386542825e+00,-1.406903730362411009e-01
1.726745501929466159e-04,6.146929768411205863e+00,1.497417142481329289e-01
5.451639290918872116e-02,6.149102366640196493e+00,1.521488314150050702e-01
1.007490262786351861e-04,6.146398637846318458e+00,4.919727691737781766e-02
6.874243424247634959e-02,6.148185317669339511e+00,-6.744752713683700718e-02
1.383621742525331655e-01,6.150291909597817686e+00,-1.662181825479490394e-01
3.505471296817272431e-02,6.148559485734825358e+00,1.943737659115535588e-01
7.797674764740608611e-02,6.148765234624817388e+00,-3.805629599250773265e-02
3.990077192777403275e-02,6.147282764761648366e+00,-3.935670707502562232e-02
1.829743901784379456e-02,6.146280287670021991e+00,-8.302993741529630933e-02
3.234419465662111137e-02,6.148333720381074841e+00,1.798912173428801331e-01
2.135586131220906098e-02,6.146597830533498730e+00,-3.481745861781854884e-02
1.002913686793128339e-02,6.146079654261638048e+00,-6.934909880563389084e-02
5.575009226922626737e-02,6.148285893926743739e+00,1.825928001692581765e-02
4.907807615602036502e-03,6.146613021808638777e+00,6.625943829484891301e-02
1.587255568281642146e-02,6.147360344144011002e+00,1.118107094661209971e-01
3.224856569070777557e-02,6.148469974446533648e+00,1.892484162235528733e-01
1.352141205815199853e-04,6.146620383403441856e+00,9.433328301450888409e-02
1.368327299417279076e-02,6.148623452134954981e+00,3.277254472838004862e-01
9.645855008937896657e-02,6.148522547143277173e+00,-1.831913280370328356e-01
5.691629195408812875e-02,6.147987743321188248e+00,-2.698107715909958335e-02
6.312394360613930722e-02,6.148405358890904893e+00,-2.088678856410146854e-03
6.070117369616827296e-02,6.148147924932430897e+00,-3.562352199536073655e-02
3.823704754125831912e-02,6.148738701899416625e+00,2.000425844866234593e-01
5.915166449030296453e-02,6.148361213131049219e+00,1.249908792227456128e-02
1.272498941525492533e-01,6.150088042015012135e+00,-1.323665740024742299e-01
1.874951779440411914e-02,6.148249975674014323e+00,2.367129177900146597e-01
2.690309855449710477e-02,6.147932956598838317e+00,1.387167642015840752e-01
7.513780476074982673e-02,6.148197179192991690e+00,-1.143734072847028133e-01
1.231834901354201574e-03,6.147085969496713709e+00,1.628037025241473590e-01
1.893286642502869368e-04,6.146351899680911224e+00,5.271355502296255768e-02
3.692163847344828026e-02,6.147561763707177107e+00,1.803867392566400885e-02
3.866264259022819672e-02,6.146727294504437999e+00,-1.289346129256253859e-01
5.046019845379556140e-02,6.147913758228601644e+00,-2.388619643271196104e-04
3.002272837773576827e-02,6.148629540809815275e+00,2.360981330182948812e-01
5.902902438796633899e-02,6.148519857361713470e+00,4.273192662902127598e-02
3.733989850624645779e-02,6.146833313095039664e+00,-9.417184337697614982e-02
4.153054354642731296e-04,6.148427509508103128e+00,3.745597482331706196e-01
3.815035949132416365e-02,6.147522410718241126e+00,8.024087796303121592e-03
6.291178696733368270e-02,6.148411225305947525e+00,-6.053438788388538008e-03
5.491134477204018260e-02,6.148242178272220748e+00,2.330399986140319762e-02
9.102033711803846032e-11,6.147769634421866414e+00,2.803954651071979276e-01
2.029283068047381053e-02,6.147389190187881880e+00,9.755592233960258541e-02
1.002361174295758085e-02,6.146979529582073276e+00,9.448487222433187005e-02
8.156256434134076527e-02,6.148669703913575368e+00,-6.677775758299714370e-02
3.241848135385834440e-02,6.146896696366771273e+00,-4.882205001869629329e-02
4.537286189353372662e-02,6.147720799360860688e+00,6.719407071998584335e-03
1.756664249355829183e-03,6.148222995828736437e+00,3.341196825843135154e-01
3.495500110594045723e-02,6.146797132359319349e+00,-8.707021299497769151e-02
2.304874926298349641e-02,6.148382354189783960e+00,2.388204966812035313e-01
1.999913164166950677e-04,6.147321265096022280e+00,2.090056185690640500e-01
3.503013625800858316e-02,6.147704256129618017e+00,5.532321045633010331e-02
1.003720652651934886e-01,6.149484564595335989e+00,-5.024533224503174855e-02
6.764188794243319522e-03,6.146126946903805788e+00,-5.494263434227730780e-02
1.212639425063311071e-06,6.148273447749772913e+00,3.551184316387209772e-01
7.188010792138863070e-02,6.148199322410160761e+00,-8.510665606371929648e-02
3.762324227023339240e-02,6.147626032442937039e+00,4.314954077702506247e-02
2.157836191124591976e-02,6.147141782866820670e+00,4.232275616525216222e-02
3.986565585659770754e-03,6.147610072398361325e+00,2.346449635572203096e-01
5.818636444385101927e-03,6.146441584917155865e+00,4.016066912160567298e-02
5.835698146481931026e-03,6.147666466373467919e+00,2.333031963012650589e-01
1.233280237442430614e-02,6.146230972796741909e+00,-3.386333154235646181e-02
1.800972729623213919e-02,6.148150758299863128e+00,2.380747777514168884e-01
8.864854716121220446e-02,6.150044593394496495e+00,1.012241170159405707e-01
5.771503494833502175e-03,6.146907883264169925e+00,1.016640967820066771e-01
3.532059025750953346e-02,6.148377719259920049e+00,1.606298110716715688e-01
1.202680323279973866e-02,6.146829600138944194e+00,6.015712009613448374e-02
1.221115069847580337e-01,6.150157381227284503e+00,-9.404878478117412177e-02
2.371785603833016440e-02,6.146968581861103509e+00,1.099815895304100122e-02
9.316350013010062103e-02,6.149130637849111736e+00,-7.328984065925235603e-02
5.933836948177873688e-02,6.148343734726638310e+00,1.055284721778188342e-02
8.906856565102991286e-02,6.149124802770470133e+00,-3.854532424838221644e-02
3.488699467707864071e-02,6.147798501017298634e+00,7.858715534959599680e-02
3.288078695208180441e-02,6.146386397993228279e+00,-1.514533510868987520e-01
1.494933827081015854e-02,6.146781747700947207e+00,3.095680551332467834e-02
7.705616648093997767e-02,6.148947963644451065e+00,5.914426872100031485e-03
9.001001062339929193e-02,6.150360122091312221e+00,1.517151256985546093e-01
6.860750467267863603e-04,6.148107035911568374e+00,3.265247863911948656e-01
5.512864323472835282e-02,6.148075755620183713e+00,-5.911091787878061665e-03
1.673436062013065884e-02,6.147549861438329266e+00,1.443057818573972306e-01
2.221521591734136949e-02,6.148212049960188885e+00,2.174381273546832083e-01
1.121981583480046868e-01,6.149452585946004746e+00,-1.204032347561063837e-01
2.085164356201344438e-01,6.153369214151373612e+00,-9.078110998805644094e-02
4.618082746045171216e-02,6.148706042038697639e+00,1.505150804858444435e-01
1.350418779157326055e-01,6.151377300425873607e+00,3.453553866754277557e-02
2.060843806005275419e-02,6.147959144076840410e+00,1.895859300295798799e-01
3.389266294822631392e-02,6.148388275124377245e+00,1.703291275805549065e-01
1.496604819341482585e-03,6.147582459729837190e+00,2.366185435967678163e-01
2.278620154890062879e-02,6.147165750233024362e+00,3.818991780966519978e-02
1.489612253796501473e-01,6.150067410492543019e+00,-2.581453256784726480e-01
3.473513539381521686e-02,6.147948281726687725e+00,9.787315659855692906e-02
8.983867879846718640e-02,6.149314039488419148e+00,-1.182566036827882236e-02
3.802279776703221259e-02,6.146496643697265228e+00,-1.622251720281825960e-01
1.218499043744678823e-01,6.150858675879842252e+00,2.534760921655258500e-02
8.712684891834084067e-02,6.149668252107308497e+00,6.100223552721085324e-02
4.520471419655638229e-02,6.148427425914165134e+00,1.170807819292663254e-01
8.533547365027409348e-02,6.151300812970120546e+00,3.222100052171659179e-01
1.045297965489312003e-01,6.149714191991060730e+00,-4.093074649423086159e-02
1.129175519798462091e-01,6.149948205956447644e+00,-5.037147726545941617e-02
1.648658275467560497e-01,6.152666447041378106e+00,5.988482831092872827e-02
1.592532328892977758e-02,6.147590039501726444e+00,1.690610337479076797e-01
1.536969030592636126e-04,6.147852463274099399e+00,2.979464595321189568e-01
7.366627214850472727e-02,6.149324658333759075e+00,8.547404661258432845e-02
6.400643102700505349e-03,6.147576148784560601e+00,2.161142906877706327e-01
7.206853533919324595e-02,6.148706560665489818e+00,-1.173602279179691843e-02
9.201171227383796863e-03,6.148620743236881125e+00,3.589505935575315609e-01
1.681269675244290440e-01,6.152474921231697813e+00,5.176453539023800551e-03
1.326215326004046013e-01,6.150887404851357765e+00,-1.879511061357501747e-02
1.632728238306214164e-01,6.152268007793312066e+00,1.384869486008531887e-02
1.529867978961478026e-01,6.152779273976292096e+00,1.485324293976690579e-01
2.053844184979568555e-01,6.153859936497907412e+00,1.475719541563385445e-02
1.172981216683188083e-01,6.150937423288218575e+00,6.282386695414649003e-02
6.141327052739579961e-02,6.148448983387831746e+00,2.140899626195153990e-02
1.598774982058913385e-01,6.152242610377285814e+00,3.194108136998196484e-02
2.036151865835496844e-01,6.153382201687660924e+00,-7.025244824978785219e-02
1.671860856656697814e-01,6.153510099048400406e+00,1.780838750259380043e-01
1.343280605056710597e-01,6.150325631510079383e+00,-1.322294908934838475e-01
1.653651799737105021e-01,6.150814162718825528e+00,-2.297729954246353623e-01
8.710020613096283726e-02,6.150063502542442606e+00,1.207135845073631364e-01
1.389760083734478679e-01,6.151571073382722687e+00,5.470027348102170922e-02
4.046553980319129995e-02,6.148758266737762490e+00,2.021750649639759423e-01
1.434640676827123873e-01,6.152911151087626429e+00,2.308532417522029534e-01
1.458759274725848765e-01,6.152334638443475612e+00,1.352346578883534267e-01
1.046361766403679644e-01,6.150307840774258850e+00,5.983354401522365112e-02
1.979805083753419237e-01,6.153414936083348330e+00,-2.439002871765898195e-02
9.081110725870251976e-02,6.150547868762770598e+00,1.698479892201630592e-01
1.107420058728008916e-01,6.149662300221599764e+00,-9.181701806307179803e-02
1.341792918684086011e-01,6.151445533599614102e+00,6.137699133569689269e-02
1.016409341975696712e-01,6.149822956084412873e+00,3.940025483223026474e-03
1.274335899564797425e-01,6.151068137810216996e+00,2.808449779815955574e-02
7.786659497133927021e-02,6.149364816611159412e+00,6.327191605353861548e-02
5.752112184086589919e-02,6.149401437281961869e+00,1.964859464282895374e-01
1.585922356910910436e-01,6.152518914068568989e+00,7.775286707115042217e-02
2.311202089967386020e-01,6.155026116749191090e+00,3.251160398483206315e-02
1.570082620543295782e-01,6.152324313882405526e+00,5.899899705830590618e-02
2.409007402186963964e-01,6.154197622761040876e+00,-1.615071054569249542e-01
1.013128642995064083e-01,6.150113638099150570e+00,5.312540542983761049e-02
1.375474772679002311e-01,6.152321924433010736e+00,1.900758371171239747e-01
1.305089382457349789e-01,6.152342859058711255e+00,2.262289704015084113e-01
9.269616889397135073e-02,6.150195792305678921e+00,1.026103234377665485e-01
1.812694910187754860e-01,6.153817587262709665e+00,1.479097798182363865e-01
1.860200200084741740e-01,6.153337607860470015e+00,4.020279008732532272e-02
1.756440098371695457e-01,6.153349678878681672e+00,1.156616535327150974e-01
1.922530891357212834e-01,6.153284235564276727e+00,-5.854454773731946823e-03
3.522181798647021633e-01,6.158585266908754186e+00,-1.467939378322879185e-01
2.343767891282629023e-01,6.155728936604973889e+00,1.384060321818277040e-01
1.422444238304903796e-01,6.151179464355218229e+00,-2.955629247265602680e-02
1.546952604835643286e-01,6.151742136252384086e+00,-2.424224574352218040e-02
2.195423378855801133e-01,6.153882504667492093e+00,-6.751894436505968822e-02
2.380909822190539205e-01,6.155946096931931955e+00,1.561974536367990440e-01
2.197077249234699325e-01,6.155141066038423148e+00,1.237807271731278247e-01
2.298496575130001829e-01,6.155116559163110956e+00,5.439453302584756206e-02
1.908393566105922590e-01,6.154087535865016889e+00,1.329050051077299566e-01
3.004304158879621545e-01,6.158000222199904172e+00,8.831283413152057893e-02
1.756733317063095823e-01,6.154757802579172044e+00,3.382613424052085538e-01
2.813233231083235308e-01,6.155492092392838011e+00,-1.861752918113079858e-01
3.150655107649306119e-01,6.157483424522430582e+00,-7.465274679862708707e-02
3.230846594713123188e-01,6.158488676435639242e+00,2.897594635186417911e-02
2.923712330048104935e-01,6.157684064990180950e+00,9.465900856909274796e-02
3.541630074045724053e-01,6.160577969512701202e+00,1.714920630794282419e-01
2.178593418418703631e-01,6.155288231866642867e+00,1.575896433468647606e-01
3.039980307435114493e-01,6.157691968111994818e+00,2.457239607877529861e-02
2.572227287890861414e-01,6.155474084101705046e+00,-4.194765431023895347e-02
2.319329241505471151e-01,6.156293804454344709e+00,2.299076519199827473e-01
2.675994691021727490e-01,6.157594577032940997e+00,2.274494773103570011e-01
2.424228429977187960e-01,6.156372284147210827e+00,1.795780444992443603e-01
2.782178257387893372e-01,6.158636546318908778e+00,3.184489379174728629e-01
3.223257262023961900e-01,6.159654046542937245e+00,2.091530295673593720e-01
3.585143940423934916e-01,6.160055605942483581e+00,6.313715579821865820e-02
3.688735701912156384e-01,6.160365071883098231e+00,4.383443510410916372e-02
3.800723282162915551e-01,6.162029694981608685e+00,2.439591388333015587e-01
4.417356119056001229e-01,6.163939771884376029e+00,1.825603697275487158e-01
3.136592671255425957e-01,6.159937399944569236e+00,3.355499487597324859e-01
2.487364543939483141e-01,6.156432421091327711e+00,1.412837984796644075e-01
5.916350917407425802e-01,6.167180173634834617e+00,-2.169391947649712826e-01
4.113885610799771775e-01,6.162169640702716222e+00,8.400783237310338603e-02
4.694297565514570780e-01,6.164458289517947165e+00,9.208564099358158839e-02
3.763736222153317157e-01,6.161484962485231698e+00,1.799736092094841866e-01
4.599840034600894967e-01,6.165072790686384252e+00,2.322900768085437995e-01
4.411516584710603595e-01,6.162947819615839151e+00,1.378959651303500412e-03
5.013899751542876260e-01,6.166319448385053192e+00,1.928264868002019794e-01
6.029159587015141541e-01,6.168762573082436695e+00,-4.449980635477325530e-02
5.262237644528570124e-01,6.166452336733673434e+00,7.174466557973740999e-02
5.957202301257580324e-01,6.168536806095573866e+00,-3.113904266459363926e-02
4.199555343695928200e-01,6.163076642929680382e+00,1.719896084143073545e-01
5.131505777124352186e-01,6.165787012766434927e+00,4.482718564019640833e-02
5.843032609142414513e-01,6.170829466885258796e+00,4.190297506360377011e-01
6.033151033596600987e-01,6.169768819467428500e+00,1.149182326557097594e-01
5.612834378838787996e-01,6.168611977283823045e+00,2.106964522954066776e-01
4.376545533994090631e-01,6.165027795612932238e+00,3.738734733865490822e-01
5.540624471161071929e-01,6.168814846784688832e+00,2.680711436919713808e-01
6.325556839690593680e-01,6.171580696892333684e+00,2.286656733452607226e-01
6.767786628959986395e-01,6.172103366624647869e+00,4.473950379358091617e-02
7.014493569193674949e-01,6.173655665940904314e+00,1.288773526472063446e-01
7.299159060707517410e-01,6.173894313660548860e+00,1.585010191820263037e-02
7.151129697096172411e-01,6.174167134029050708e+00,1.517985571757840269e-01
6.883262897526868374e-01,6.174566559814341993e+00,3.755454529539719033e-01
7.883033310334864874e-01,6.175500649403068643e+00,-8.406873238037718132e-02
8.023247779840703142e-01,6.177511808906832158e+00,1.465373350556340992e-01
9.134570983820127221e-01,6.181210662776982723e+00,6.811753590140333381e-02
7.903883312711474929e-01,6.177412491069422806e+00,2.110890026532495356e-01
7.078589937257506737e-01,6.173575162089758983e+00,1.011119348918796818e-01
7.453322524680102701e-01,6.174630625155266728e+00,3.962612725827339283e-02
9.535601917375392533e-01,6.183482745752576726e+00,1.788627064612532125e-01
8.378613642821274299e-01,6.178454736259513247e+00,7.296708941902754764e-02
8.585372609491992435e-01,6.179885747805061946e+00,1.877755696858358081e-01
8.063919505160589418e-01,6.177119016734770263e+00,6.066457876166164720e-02
9.148045676156597583e-01,6.181211050872239987e+00,5.476247824042892315e-02
9.684182378737979935e-01,6.184161958956328142e+00,2.088086547930843029e-01
9.820318445994145051e-01,6.184362721735271684e+00,1.521822903585715869e-01
1.204484425968612715e+00,6.192523564613741094e+00,1.026034065034822224e-01
1.041003355063174762e+00,6.185550936393253707e+00,-2.991408577450208051e-02
1.190363634330677822e+00,6.192192818422028289e+00,1.434065459383821739e-01
1.177283707247722688e+00,6.191319724014559434e+00,6.576154518877479205e-02
1.006888858358147010e+00,6.185467801744063188e+00,1.814636404585290852e-01
1.086796190228397130e+00,6.188037884721638626e+00,9.715974927676017392e-02
1.042291122371020728e+00,6.187921253881256689e+00,3.543401398612120445e-01
1.097002724819320152e+00,6.189086084177170655e+00,2.109317140274404034e-01
1.264242787106046872e+00,6.196157343946954832e+00,3.130775242130977021e-01
1.273061246824754633e+00,6.196110827340628902e+00,2.664867712296106195e-01
1.341889394536802893e+00,6.198185866561789048e+00,1.740386799393436601e-01
1.247351334623969521e+00,6.195726115668145795e+00,3.577151172417903924e-01
1.485896634873257849e+00,6.203457405515872658e+00,1.446381670925264706e-01
1.390994894701413465e+00,6.200345965225102951e+00,2.257400507513603605e-01
1.410358741354413636e+00,6.199437664087720457e+00,-3.541905313714687614e-02
1.312381013214093395e+00,6.195815163070713005e+00,-3.306661203120072473e-02
1.358638139397745137e+00,6.199306231052920779e+00,2.471271095895524461e-01
1.281414148628442273e+00,6.196001209410137989e+00,1.816241347201953960e-01
1.219990567507595491e+00,6.194362028889863758e+00,2.953890520647844964e-01
1.429194442931949194e+00,6.202791727270056121e+00,3.845983577471651094e-01
1.436798522761081998e+00,6.201027839298441258e+00,6.837353126822834359e-02
1.291585106321657239e+00,6.198214965009578137e+00,4.808182492838593558e-01
1.267111523037893317e+00,6.194498376917454863e+00,3.887769840585023062e-02
1.556192731560094966e+00,6.207023158643748317e+00,2.867007315099739939e-01
1.362234624340980638e+00,6.198654656374392502e+00,1.144780182441858252e-01
1.463021146407817996e+00,6.202774251498039959e+00,1.723864878109413745e-01
1.566307638432750116e+00,6.206923862525782987e+00,1.950179329999789102e-01
1.431933492214662706e+00,6.201855766655222091e+00,2.078211527475119225e-01
1.498179005852646073e+00,6.205474936070397796e+00,3.742852908854243377e-01
1.613757755084905154e+00,6.209355655156387321e+00,3.123154045680164859e-01
1.525301909408596890e+00,6.204952641281289871e+00,1.342501308270818705e-01
1.563673439674642784e+00,6.206051562311920122e+00,7.997888144780750108e-02
1.496548039303983835e+00,6.202403669300488254e+00,-8.879945131837951866e-02
1.641042964076652177e+00,6.208359483423513403e+00,-1.336332906115891665e-02
1.660642832481928011e+00,6.209788374232013020e+00,7.608100558474435726e-02
1.574827939818800537e+00,6.206202683781731011e+00,3.906163854220019716e-02
1.617447147312667255e+00,6.208057343969223041e+00,7.779380621992827705e-02
1.759725494939595292e+00,6.214005739820915863e+00,1.851336802594150122e-01
1.542521980428630979e+00,6.206342214410145885e+00,2.678928555972542869e-01
1.761983908967952095e+00,6.213260049457373313e+00,3.676662326553482157e-02
1.757096398481606592e+00,6.213315948596950911e+00,6.925816080708176170e-02
1.814554176243030614e+00,6.216128960644283552e+00,1.821114283217082630e-01
1.461504463092484718e+00,6.202078173872182631e+00,5.732405014798942072e-02
1.447790836161363170e+00,6.200985480772559733e+00,-2.682317528115507263e-02
1.281212891718443769e+00,6.196112919906072491e+00,2.133054409896823767e-01
1.183233629759804062e+00,6.191875744962171524e+00,1.317740373124194897e-01
1.232794504617442222e+00,6.193903716565022144e+00,1.516952645196621152e-01
1.120839032873774954e+00,6.190914634132085759e+00,3.682185472997270281e-01
1.193830793372802512e+00,6.193609884361694462e+00,3.278168165919013166e-01
1.373907072256832285e+00,6.199687116536429343e+00,2.016739124135997208e-01
1.463044176817271058e+00,6.203132975155971174e+00,2.285513114490834996e-01
1.695557696774314227e+00,6.211697566419984717e+00,1.859846287672148046e-01
1.802822809983053665e+00,6.215458693669440038e+00,1.384696343232217630e-01
1.622244117388809803e+00,6.208767663381490998e+00,1.584217983793666518e-01
1.474173201942214684e+00,6.203217359392482422e+00,1.793476118884125836e-01
1.681894457998484915e+00,6.210408497009959561e+00,6.273509472033289569e-02
1.586056358436852332e+00,6.207648954836569644e+00,2.107971104916009641e-01
1.519815818943063279e+00,6.206042461717106384e+00,3.568493669472567187e-01
1.681948997398813095e+00,6.210745344880054475e+00,1.182465041438651027e-01
1.694542114706897307e+00,6.213177372825040123e+00,4.319807908427383825e-01
1.607322846924751802e+00,6.209295142317651894e+00,3.278045708746376019e-01
1.790098574364304973e+00,6.214601432547997462e+00,8.344052022279746517e-02
1.734591652833670006e+00,6.214985172505253175e+00,4.633755700667456234e-01
1.892640695122010275e+00,6.218329562600211524e+00,5.563249203715736613e-02
2.039068246252498273e+00,6.225776517881111083e+00,3.633921857163573410e-01
1.969543245912690033e+00,6.223060853690869365e+00,3.504448362548981954e-01
2.025449263579383707e+00,6.224538871815157748e+00,2.434444703898749063e-01
1.902710850717071356e+00,6.220159452193316341e+00,2.646654719044668758e-01
1.945989978803899012e+00,6.223083417341735313e+00,4.855488384082741748e-01
1.963307693753806316e+00,6.222525029720115342e+00,3.051865662620579789e-01
1.940439149348232695e+00,6.220578032326289808e+00,1.250958268381412719e-01
2.080478901816964488e+00,6.227209413448900222e+00,3.323553317347573421e-01
2.030173600725900140e+00,6.224943280029093806e+00,2.994045916326306123e-01
2.136216865099662687e+00,6.227526911021454836e+00,5.162993944356809167e-02
2.175906018570398004e+00,6.230807327447179134e+00,3.365722808225430351e-01
2.343307860148300836e+00,6.236296246047635883e+00,2.082450836106167491e-01
2.365628838072894258e+00,6.236836479055728688e+00,1.609640713140599033e-01
2.416333732579771798e+00,6.239065502355862769e+00,2.316722529196992286e-01
2.465051006839006131e+00,6.240640200508716262e+00,1.675151913372960599e-01
2.181411577699928106e+00,6.232217345147255116e+00,5.523505857124467733e-01
2.619708445645627215e+00,6.246447791201806155e+00,1.701430846919264328e-01
2.570333718456786709e+00,6.246030926496363378e+00,3.999604772739675518e-01
2.509512242360857126e+00,6.244632500189053914e+00,5.486260951460790736e-01
2.593025125981366585e+00,6.246985997314529193e+00,4.224122944820833392e-01
2.557851250881270744e+00,6.246713729230402912e+00,5.858142652438664832e-01
2.576192928303532970e+00,6.245308811438809116e+00,2.586721895736635024e-01
2.176009621943106431e+00,6.230435908469218020e+00,2.917960357532455307e-01
1.805683645260701020e+00,6.215949949503679406e+00,2.054119609826616788e-01
2.038670115416437056e+00,6.224640988634622119e+00,1.897271155464353432e-01
2.103975431006340546e+00,6.228699292900737206e+00,4.432147867939695840e-01
2.142476226126148298e+00,6.229944590923299330e+00,4.025345302465872521e-01
2.132031557213621031e+00,6.227604467952665424e+00,8.446571511247988329e-02
2.060599908018604598e+00,6.224880967801840193e+00,9.638059297445172868e-02
2.130502467495559937e+00,6.229327077219363851e+00,3.777983841128755849e-01
2.269687476677971993e+00,6.233191955315024124e+00,1.627703607867979907e-01
2.173034625343851722e+00,6.229531123047667762e+00,1.453858853142533103e-01
2.152858603159740980e+00,6.227795019959646794e+00,-1.045654476735720373e-02
1.884963580195746946e+00,6.219775770393521697e+00,3.252189380571797739e-01
1.909533387176940433e+00,6.219514864175147650e+00,1.290521324338388398e-01
1.983674368077198658e+00,6.223255436862469736e+00,3.034563586945311364e-01
2.244326114595049049e+00,6.231061416307085210e+00,-2.802287932332737583e-02
2.171714298166732338e+00,6.230313650115064661e+00,3.016490721818666509e-01
2.382763111092886632e+00,6.237892713829434221e+00,2.240661505929230357e-01
2.132508554964805292e+00,6.228257937572359459e+00,1.933651921802388152e-01
2.251911211899077170e+00,6.232566636911194280e+00,1.600870848534952373e-01
2.379847616802174937e+00,6.238682351848047425e+00,3.802859381961165575e-01
2.264264107743641397e+00,6.232179566692315653e+00,4.183465020131194728e-02
2.419209660974528830e+00,6.239157829747857598e+00,2.039693943468481319e-01
2.456887390270602101e+00,6.240614644699190805e+00,2.240797432374365128e-01
2.212972474786445432e+00,6.231898912596062878e+00,3.019064582606089675e-01
2.136370479733898264e+00,6.229317019835786340e+00,3.508600542552766099e-01
2.304050925703741814e+00,6.234908618475814457e+00,2.354182370905177069e-01
2.381975631467282639e+00,6.236156096994413645e+00,-4.696807386374762111e-02
2.245259672501797255e+00,6.234130528159545825e+00,4.553501247112084482e-01
2.366891643778949117e+00,6.238789447915756625e+00,4.649963136482627157e-01
2.386880874534501373e+00,6.238144845501031099e+00,2.467967007493961362e-01
2.365670725572844191e+00,6.236852126018694875e+00,1.926859466906809815e-01
2.506322846475417254e+00,6.242783007217192370e+00,2.525503143473421530e-01
2.273285574983972879e+00,6.233588092781745971e+00,2.042797889932093380e-01
2.364154058623474608e+00,6.237079222536674905e+00,2.246400145477632782e-01
2.200097586983642106e+00,6.234079322174053139e+00,7.257291132419024793e-01
2.735204940883193547e+00,6.250772235193007731e+00,1.709839365033268832e-01
2.461251423455820486e+00,6.242241733156491001e+00,4.687936780141001014e-01
2.404854527749807236e+00,6.237942594738425939e+00,9.348094981360663414e-02
2.698496815086650180e+00,6.249611285512746583e+00,2.027907852311906234e-01
2.513344069924269952e+00,6.243850869021735583e+00,3.899701111290558853e-01
2.679946677821166023e+00,6.248679592134160465e+00,1.618196934785671448e-01
2.636753035121726985e+00,6.246183312683009525e+00,1.840179756826570978e-02
2.465613980667550553e+00,6.240806553365553455e+00,2.097142800432235665e-01
2.398954950931559527e+00,6.238805453566201642e+00,2.833743117293365810e-01
2.470304330841541773e+00,6.242395234885552924e+00,4.189256004633041264e-01
2.896488283052810697e+00,6.256990572001351225e+00,1.957177323574915695e-01
2.699537207037778774e+00,6.251201615440321824e+00,4.644978258676174532e-01
2.354296229963461773e+00,6.235458926215325270e+00,-2.597247309137650818e-04
1.912384909013717715e+00,6.220208658556829917e+00,2.490883418998657006e-01
2.103207073177633557e+00,6.227434506653326096e+00,2.377731824055768772e-01
2.235065172447304072e+00,6.232951023079941422e+00,3.417036616962823570e-01
2.488616876412613532e+00,6.243513547041668055e+00,4.991449562951145169e-01
2.936181341366173037e+00,6.258926059677143883e+00,2.627149909793625171e-01
2.982141642984246666e+00,6.260923556962775471e+00,3.316024977731403256e-01
2.731720607075663221e+00,6.252394599516727602e+00,4.572621604873296497e-01
2.430141518622702002e+00,6.239084603520232086e+00,1.370647125072173844e-01
2.598224119426942202e+00,6.246856634722446344e+00,3.744164696816333904e-01
3.423527417313076526e+00,6.278107879060916829e+00,4.200063796111318526e-01
3.866910410121089381e+00,6.294861136239331856e+00,4.657983177965156485e-01
3.957369291246807030e+00,6.297295113869916250e+00,3.161268003749243549e-01
4.048592635414682839e+00,6.299304416984309540e+00,7.773818511929228570e-02
4.139885348429654499e+00,6.304496272806354717e+00,3.647447799533942159e-01
4.040467256896267401e+00,6.299557134353873877e+00,1.645601001713315470e-01
4.030725527479624759e+00,6.299729626063048649e+00,2.525244987767321647e-01
3.817618085988375931e+00,6.291460476128658108e+00,2.014233925315866425e-01
3.961690227077470539e+00,6.298260643976019146e+00,4.408439673923930102e-01
3.887270873859510534e+00,6.295610564562317713e+00,4.521298665974387565e-01
3.833670300732296088e+00,6.292991395880101813e+00,3.390678708252445328e-01
3.821883887267118585e+00,6.291807635087405259e+00,2.308295047748224749e-01
3.633140569143635368e+00,6.285178199796980891e+00,3.020868049375228792e-01
4.219939367392592899e+00,6.306289559152871149e+00,1.829920395545452383e-01
4.438223969621192033e+00,6.316376824763647591e+00,5.072433932700356474e-01
4.416286711869063630e+00,6.314124822604793685e+00,2.681610452265562605e-01
4.981305963615678678e+00,6.335804224433696952e+00,3.888330256502309235e-01
4.376630362932331764e+00,6.312867499735435040e+00,3.041171762168383697e-01
4.710889013703360995e+00,6.325054000407209109e+00,2.652829868103449562e-01
4.483831243285045787e+00,6.316310881449083148e+00,2.160079773635011358e-01
4.779460819790386061e+00,6.328568350334590420e+00,4.440802985577906314e-01
4.670076875059102406e+00,6.323631581746527175e+00,2.882355522788846436e-01
5.106801602070887292e+00,6.340319694906639825e+00,3.852702895381339698e-01
4.631041811032383215e+00,6.323446442268632062e+00,4.912449572072269399e-01
4.652373377858565640e+00,6.323147853124570617e+00,3.204766498520772444e-01
4.375824258519609877e+00,6.312320466384526263e+00,2.131190184161754209e-01
4.795289520820781526e+00,6.328214937854627742e+00,2.868715446544939374e-01
4.998979139606350763e+00,6.336054942288710023e+00,3.431733173815185722e-01
5.144637495063365762e+00,6.342879963748964123e+00,5.614507888156736737e-01
5.093908768849777502e+00,6.339699650069098524e+00,3.592561323543470575e-01
5.703658870920233603e+00,6.361903206632163688e+00,3.232351465010378511e-01
5.094943171183589747e+00,6.339750235629706410e+00,3.407284620300296551e-01
5.578597454273251266e+00,6.357284321998699639e+00,3.184222037614762857e-01
5.072596273321464011e+00,6.339281461172674881e+00,4.104626490376975245e-01
5.140057641695181090e+00,6.342531296186868950e+00,5.413862680051048093e-01
5.756124926311524170e+00,6.363381036435360016e+00,2.525031437031339809e-01
5.654795762001925574e+00,6.359927023699438742e+00,2.814484663537529241e-01
5.853217098227865733e+00,6.367616877368806882e+00,3.466395900242828509e-01
5.835783224241049005e+00,6.366111508398268448e+00,2.056744159872394562e-01
5.392185341328763926e+00,6.350272278385101998e+00,2.987229600282068076e-01
5.502460810246267542e+00,6.355116614623566029e+00,4.007252336336967202e-01
5.584586149679267919e+00,6.357643568071343232e+00,3.226054129986388741e-01
5.302497688899143746e+00,6.347625580505417808e+00,4.055037165001301736e-01
5.837635470556186590e+00,6.368455814232903300e+00,5.725928457837403673e-01
5.983658080614105756e+00,6.372439318122423479e+00,3.543172630934403600e-01
6.168610534925501376e+00,6.379296327221042340e+00,3.677496007667519495e-01
6.188530244828889693e+00,6.379265745858949010e+00,2.389713006526433536e-01
5.567770348861916574e+00,6.358140383539391038e+00,5.170887143384869100e-01
6.095726534522603046e+00,6.377178277235389103e+00,4.603024416702063970e-01
6.035727520265043999e+00,6.374382774560594100e+00,3.680231485847361150e-01
5.405885297765379960e+00,6.351885207425166158e+00,4.679568961269860994e-01
4.959566897697414767e+00,6.334124535761120001e+00,2.515839503773730779e-01
4.781568870190556098e+00,6.328179325826999602e+00,3.655666210702500085e-01
4.948880403236705305e+00,6.335147005134807330e+00,4.855372964185188933e-01
5.366839518752644977e+00,6.349999890144710335e+00,3.854222616276194446e-01
5.721810209276607218e+00,6.362059610941738441e+00,2.218187028068750177e-01
5.518593349869454379e+00,6.355468566772653816e+00,3.854107385284371023e-01
5.711476655864633933e+00,6.361456311932734309e+00,1.883502147942056337e-01
5.925732502882697261e+00,6.369323412181531197e+00,1.843963914445710117e-01
5.597462958173578862e+00,6.358008102980869936e+00,3.160800418992505967e-01
5.791948911049212612e+00,6.364348883723037531e+00,1.875380854405009068e-01
5.714082916082944941e+00,6.362627510334442071e+00,3.653310540187084121e-01
5.552627560193681866e+00,6.356124383011720447e+00,2.811674353738799481e-01
5.589091274263989995e+00,6.357375713826522556e+00,2.719952581115251955e-01
5.338152182779802857e+00,6.348534944912525901e+00,3.241349508647519140e-01
5.282036897710706391e+00,6.347236517699212044e+00,4.641218314940780965e-01
5.814810193569680763e+00,6.367397269967415951e+00,5.463061842142029612e-01
6.053524412726064341e+00,6.374053239535658832e+00,2.032486134992084470e-01
6.026207233564956134e+00,6.373416167078518768e+00,2.741067035964911969e-01
6.011194399682227463e+00,6.373781793676664975e+00,4.049275622801796759e-01
6.164814140834858236e+00,6.378418543484478676e+00,2.527088195744911503e-01
6.203048042127697670e+00,6.381578719589489523e+00,5.465254837130852916e-01
6.059047909883464200e+00,6.374805851328732231e+00,2.996180668857473250e-01
6.186188726445781327e+00,6.380146188346849101e+00,4.127536121457611173e-01
6.383466151097131558e+00,6.387363517779146349e+00,4.050615701927274270e-01
6.501201587722552411e+00,6.396040479058813233e+00,1.126104844354567813e+00
6.370569059111117483e+00,6.401435475852843560e+00,2.810948897271714486e+00
6.201285522180986831e+00,6.396098424137144356e+00,2.979474139421668610e+00
6.570277834718543986e+00,6.405741530660479910e+00,2.326159216523903339e+00
6.412945307374082304e+00,6.399557536677645153e+00,2.247810101740403521e+00
6.024983319729045661e+00,6.376994250199411240e+00,8.624319512746634331e-01
5.988633685975891296e+00,6.374223816557930355e+00,6.260237038898444073e-01
5.931463704776255952e+00,6.368761935813307851e+00,6.716368236340324038e-02
5.658306734659032777e+00,6.360599390401977082e+00,3.734087406742487847e-01
5.992188297286073606e+00,6.372058883090192971e+00,2.481483656345674360e-01
6.269487906907812658e+00,6.382047684069960702e+00,2.121642096376765707e-01
5.931635927278371412e+00,6.370178436294927415e+00,3.085286297497915053e-01
6.182134374745524852e+00,6.379090862222217773e+00,2.712193591460657083e-01
6.099559432747004628e+00,6.376359559287071654e+00,2.979387999048309643e-01
6.386165275879622349e+00,6.387279310772338903e+00,3.806550638369601280e-01
6.603006672636403174e+00,6.395975322531322504e+00,5.085271019415662508e-01
6.259090952366514138e+00,6.383920706810596535e+00,5.896067842591686814e-01
6.777613100700499160e+00,6.402070213673388466e+00,4.602776874745764801e-01
6.784880780882655671e+00,6.401762537635097949e+00,3.593126990150803390e-01
6.807953014390352386e+00,6.403012261683739936e+00,4.297905644894667865e-01
7.148442189967701310e+00,6.414335942197270768e+00,2.640842881816827803e-01
7.011485498612731071e+00,6.411095085058703624e+00,5.526407135528725867e-01
6.718126685710257284e+00,6.398845766880336683e+00,2.899190531396665937e-01
6.852786001066058397e+00,6.404893796861657052e+00,4.752290854562348232e-01
6.792300249924805300e+00,6.403114683653304162e+00,5.376108355191967503e-01
7.042373201642758040e+00,6.411070778053603370e+00,3.490715401868421663e-01
6.685897695501724414e+00,6.399242878231823362e+00,5.501991726639882119e-01
7.155161307859067676e+00,6.415449990368703226e+00,3.989130681208729046e-01
7.355174190102925280e+00,6.422700131966079695e+00,4.014094591128016809e-01
7.017054290589435084e+00,6.410866391655932972e+00,4.699028853766392122e-01
7.342514977072108984e+00,6.421753638927628849e+00,3.229507049808080232e-01
7.362290658695688883e+00,6.421677675225714310e+00,1.830262779988525434e-01
7.582273900688082158e+00,6.430301888030685475e+00,2.920758959728964599e-01
7.585983514412288464e+00,6.430796047517514324e+00,3.606455329181805780e-01
7.143204378077744110e+00,6.414851097326202733e+00,3.848508078511229114e-01
7.657354642303651815e+00,6.432632952032878215e+00,2.191188286997423906e-01
7.770576568044974763e+00,6.436936935112819391e+00,2.552632597247517232e-01
8.181861453450368415e+00,6.452245491594092108e+00,3.354438724672256233e-01
8.166532952378329213e+00,6.453302878821594923e+00,6.102971321476853284e-01
8.411341806483964234e+00,6.460399438451025489e+00,3.127604404383931280e-01
8.574036047012473460e+00,6.465581002967975444e+00,2.016049496051922352e-01
8.327423757039891683e+00,6.458437113809831764e+00,4.896549832059853280e-01
7.868719136989986040e+00,6.440201288998448348e+00,2.076385412144180487e-01
7.781766692755209824e+00,6.438597896754515659e+00,4.723194596500842057e-01
7.881214660373841774e+00,6.442893463210110916e+00,5.883532195401104392e-01
8.173998713735404209e+00,6.450531960859254177e+00,1.025778147372511107e-01
8.154125630720521656e+00,6.451235491349774698e+00,3.372832611423117743e-01
8.266740514066153622e+00,6.455755751686189647e+00,4.059771324718258745e-01
8.136846423566348463e+00,6.451068646715119925e+00,4.130394294715953318e-01
8.492334930760623735e+00,6.464401456486156938e+00,4.959545659613697199e-01
8.763500866000638823e+00,6.474164250370262330e+00,4.922743989785348662e-01
8.563919541192611007e+00,6.466781872054431446e+00,4.685792860903211232e-01
8.555378756986224076e+00,6.465987934325848840e+00,3.901470342945668190e-01
8.299602051493426558e+00,6.455919724335928755e+00,2.417418988957209247e-01
7.901017112472268344e+00,6.442498973345037960e+00,3.984282270047614372e-01
7.798546416592484931e+00,6.439300006650846342e+00,4.955932616418555758e-01
7.824131676547486869e+00,6.440273597613352052e+00,4.976349476886873791e-01
8.673963383227610180e+00,6.470551724166460517e+00,4.302516483828893179e-01
8.435750813385761049e+00,6.461933993050076097e+00,4.208985260112184101e-01
8.394933373677888611e+00,6.459344000978079592e+00,2.350349754509921674e-01
8.404824628976131251e+00,6.458896134718704829e+00,1.029083441016899053e-01
7.830523522193820085e+00,6.441202607197368479e+00,6.118499044445692148e-01
7.758551631542369265e+00,6.438776901916737572e+00,6.415913025581705398e-01
7.654068613539615207e+00,6.435119105851238253e+00,6.572004890159933721e-01
7.262427588705157255e+00,6.420895495283545529e+00,6.680729503806571712e-01
7.307670729352850891e+00,6.422185971060510923e+00,6.066361851234851610e-01
6.985014571077897472e+00,6.409239788963885687e+00,4.058499755969580680e-01
5.976140835981468946e+00,6.375552054111746969e+00,9.162362000515454907e-01
4.971077637298810359e+00,6.343257682083257798e+00,1.696700133056332493e+00
3.573760487204916902e+00,6.291251277107329898e+00,1.656027668910368345e+00
2.586949914614535384e+00,6.255062696857912385e+00,1.765802466614412314e+00
2.941413397316018585e+00,6.266907716072648959e+00,1.538789038800854492e+00
4.787184223579108000e+00,6.331364655516739326e+00,8.552441823318155389e-01
5.907294478694610440e+00,6.371591689510260004e+00,7.051558672715716458e-01
6.537417404457962711e+00,6.392060860982434534e+00,2.627733334391492703e-01
6.357728373484957451e+00,6.387595547751837799e+00,6.077875590621161228e-01
6.629885779331381457e+00,6.396533492128764209e+00,4.443129510062987508e-01
6.922968043037052155e+00,6.408421014713981734e+00,6.521130587904860887e-01
7.135579195911158301e+00,6.415764670008409887e+00,5.764669859601539992e-01
7.549662069797685504e+00,6.430243755341628287e+00,4.808077987413127419e-01
7.586832350209735232e+00,6.431872391862499150e+00,5.318801122939705861e-01
7.893844713924139889e+00,6.442401065758980749e+00,4.385915247504668102e-01
7.549377555347586366e+00,6.431753698103720218e+00,7.471317969154096517e-01
7.548549070754157597e+00,6.428798514538226705e+00,2.455102386575635787e-01
7.694226167876294653e+00,6.437033204564702515e+00,7.497965287529633205e-01
7.924479043974795189e+00,6.443197013818032559e+00,3.732457757660383457e-01
7.733235593325492374e+00,6.437402329136783230e+00,5.706540099624879403e-01
7.958915123065258612e+00,6.444549989034085158e+00,3.993288586942895790e-01
7.831140021645219385e+00,6.440556615928283435e+00,5.132607405760393204e-01
8.269998197028568754e+00,6.455768524264478891e+00,3.995756652101992157e-01
8.821785120253206713e+00,6.475763004161117387e+00,4.188299269937141300e-01
8.880236526433991529e+00,6.478935300451664325e+00,5.973432646680079117e-01
8.812974803057814555e+00,6.476139431162425630e+00,5.365283880882333323e-01
8.909383381259058154e+00,6.479424527509187293e+00,5.019432386559210535e-01
8.659465900621890810e+00,6.471521061934251584e+00,6.884003286573930902e-01
8.793484530133186539e+00,6.475558490062553574e+00,5.638048297989900481e-01
9.082520103534651668e+00,6.485902949861200639e+00,5.482590255798136525e-01
9.235760264723239743e+00,6.490445251312705999e+00,3.969874193777963023e-01
9.392943605444274979e+00,6.496600686167370853e+00,4.768474154146041810e-01
9.282866540097051811e+00,6.492483568556755458e+00,4.533696995527434215e-01
9.879400697966421063e+00,6.512771343576045702e+00,2.635708235362652641e-01
9.601021722784368606e+00,6.502467350003688473e+00,2.087884644762311448e-01
9.954372008068038014e+00,6.517102818368837092e+00,5.466330659985391138e-01
1.036130689702536323e+01,6.529924150538578331e+00,2.700714358260153380e-01
9.895891791293026429e+00,6.513919425234505844e+00,3.698666260863897604e-01
1.028933515155158140e+01,6.527857860435221760e+00,3.472140495125847215e-01
1.005572882728257333e+01,6.520809906375265363e+00,5.646493507327465800e-01
1.026827418048475593e+01,6.527310635382779225e+00,3.922447338499631120e-01
1.039890081038734593e+01,6.532151980587628692e+00,4.142591621721838924e-01
1.032959082432713593e+01,6.529068854799177757e+00,3.131333404380928220e-01
1.055571680077369123e+01,6.537312468832105594e+00,3.534597175529992641e-01
1.046476014904913576e+01,6.533525440168212128e+00,2.536053376006883742e-01
1.075890638197979854e+01,6.546291312976680210e+00,6.466361496715550272e-01
1.074384633780639930e+01,6.544605082180306788e+00,4.546317083242375490e-01
1.017642390533015373e+01,6.523836096636093984e+00,3.548785870144734456e-01
1.037123927142256896e+01,6.532792555495542608e+00,6.987666831836143455e-01
1.025846956542774358e+01,6.527083122273159788e+00,4.054994142798716283e-01
1.058521965643604190e+01,6.537750454171787240e+00,2.476728685770999971e-01
1.011442392467385609e+01,6.522219540323797915e+00,4.472476700362053026e-01
9.513242493344288064e+00,6.500840841824048866e+00,4.709367855407838865e-01
1.083967046962898451e+01,6.546866131379559306e+00,2.567018538193838739e-01
1.092173716507036296e+01,6.550633405067308068e+00,4.040363774906737260e-01
1.149116144846906806e+01,6.571191259314708155e+00,4.783471245293322016e-01
1.134510307647713212e+01,6.566354564245233227e+00,5.291046391378874114e-01
1.132525880677930452e+01,6.566880006312723062e+00,7.361149231669514847e-01
1.062200647612214510e+01,6.538786462396434906e+00,2.029021671194154719e-01
9.004717900210838621e+00,6.481410323730250944e+00,2.697660678762168751e-01
7.710223926187672383e+00,6.435275134727482360e+00,3.535443069566425178e-01
7.447948190554992465e+00,6.427512775648406063e+00,6.410803674015199682e-01
7.821879387558843710e+00,6.440184506229709172e+00,5.007894891533480886e-01
8.695950823201130220e+00,6.470024877984901224e+00,2.164305809131671920e-01
8.886011290492934478e+00,6.477644421492176008e+00,3.516315588350623633e-01
8.259792828513580432e+00,6.454734470079986686e+00,2.810214712290479144e-01
7.741594193036354099e+00,6.436621023539581543e+00,3.865526232231448200e-01
7.708359974812334592e+00,6.437481063069161458e+00,7.345922470113219749e-01
7.913665541979979956e+00,6.443041483719677665e+00,4.206488642351261520e-01
8.240476202668956418e+00,6.453804656527625916e+00,2.464390532916399534e-01
8.353306832128344794e+00,6.459394859587443527e+00,5.049989191315559234e-01
7.420085348542358794e+00,6.424512031313943439e+00,3.213496201530678942e-01
7.105335970001082302e+00,6.414503859632445071e+00,5.554604304924563030e-01
6.870043273411379658e+00,6.407645689901286801e+00,8.370240727620649190e-01
7.054233735109646908e+00,6.412967471191048929e+00,5.985891083066597895e-01
7.001028194636139013e+00,6.413265775754244835e+00,9.758848230597783058e-01
7.108356330681519175e+00,6.414308157761338336e+00,5.034101314566337138e-01
7.240583301785393999e+00,6.418542633042078727e+00,4.055719060831171618e-01
8.054930623946042090e+00,6.449672382031944373e+00,6.765750352953712188e-01
7.799059117494993920e+00,6.441108358935074385e+00,7.924712902414772220e-01
8.179461033530381897e+00,6.454232143450152392e+00,6.882432180664022070e-01
8.078068295354732697e+00,6.450343467812388099e+00,6.545674574437575499e-01
8.761386782931568362e+00,6.474621617492744008e+00,5.902989028317459086e-01
8.738513307246666528e+00,6.473306621389673055e+00,5.094854251232266984e-01
9.120450897826847481e+00,6.486634044000271437e+00,4.451305734379177315e-01
8.560402365807968650e+00,6.467761035007192127e+00,6.539093787099978794e-01
9.083747046845848772e+00,6.488449977784179090e+00,9.684409670640635737e-01
9.532643312817144832e+00,6.510744865855047081e+00,2.023801550928263193e+00
9.681738102047619421e+00,6.514388017458656144e+00,1.731313840779937108e+00
9.610686944268373111e+00,6.510468832199464373e+00,1.495352942826416731e+00
9.969862856939766260e+00,6.523981124367318252e+00,1.615330425986397866e+00
1.070893135163074383e+01,6.546171994837113317e+00,9.286727336592447424e-01
1.093610245678026693e+01,6.551240481625656642e+00,4.131968617015582268e-01
1.140677766807253235e+01,6.568181157218239363e+00,4.654524253537679623e-01
1.080581038874549904e+01,6.548298002882099844e+00,7.020639489307431980e-01
1.133791962295370936e+01,6.566123799244125259e+00,5.315796146509239595e-01
1.122495142475525221e+01,6.563276124045781756e+00,7.243990461330964692e-01
1.177084338921785189e+01,6.581547095547888304e+00,5.553638556593696318e-01
1.217638155371107445e+01,6.596274992907737555e+00,6.305538400325561010e-01
1.223173358918297104e+01,6.597523458946100483e+00,5.134749552595520017e-01
1.222648760772449705e+01,6.598955215087752180e+00,7.870207966664573007e-01
1.181299815044745039e+01,6.586572013751293753e+00,1.157292872278260942e+00
1.117090304442877091e+01,6.562493971496872192e+00,9.151319272233919833e-01
1.082696326184468916e+01,6.550360799268509560e+00,9.207275645396792996e-01
1.073392810987487245e+01,6.545208973256525731e+00,6.074953179421196392e-01
1.026280694899729617e+01,6.526588472252101703e+00,2.940979539047974267e-01
1.002014475497531620e+01,6.518105195684623432e+00,3.201515649713210232e-01
9.134839041142745586e+00,6.487138963084148280e+00,4.367645269277973252e-01
9.954387799665017411e+00,6.516723296524890685e+00,4.814926152393024239e-01
1.069730746624312978e+01,6.542893120731285705e+00,4.337076466729701263e-01
1.135791140524991683e+01,6.567409207487814982e+00,6.275222376926081758e-01
1.180132395384780430e+01,6.581824276484242731e+00,4.155308856394082095e-01
1.188847738847864477e+01,6.583892548358423191e+00,2.451267157900128002e-01
1.282541521504220938e+01,6.617714777682189187e+00,3.996797903009844388e-01
1.223361239105184417e+01,6.595776093990184386e+00,1.992744957666628403e-01
1.254499083104542301e+01,6.608212566573805624e+00,4.539950158915943002e-01
1.252820533408804415e+01,6.607620455343203858e+00,4.568683230747494495e-01
1.287205649423683695e+01,6.619667500551257966e+00,4.525918882422167444e-01
1.247743030157694477e+01,6.604542062223735854e+00,2.299290982822022877e-01
1.279482126908365558e+01,6.616715700188365190e+00,4.110470489996789767e-01
1.283200579461268909e+01,6.617463720733723243e+00,3.135225749479881863e-01
1.324032798268439137e+01,6.632409447213468034e+00,4.280436390991345652e-01
1.317932580113681951e+01,6.631211102769132282e+00,5.848397928649665678e-01
1.302364980519271143e+01,6.625687911850639544e+00,5.758026925162472720e-01
1.325072457907017132e+01,6.631638311431443888e+00,2.347456193270529290e-01
1.395002628355096874e+01,6.659087649495705641e+00,7.673549950594918956e-01
1.397636757832989041e+01,6.657989503343520354e+00,4.167827223102218981e-01
1.325863623459062346e+01,6.632917562693359415e+00,4.072528930824346749e-01
1.364524833877583276e+01,6.645311039451385682e+00,2.182734022382185057e-01
1.333886751049471364e+01,6.634964019593011741e+00,2.759847539175102615e-01
1.289853451618086311e+01,6.623224066344720384e+00,9.022276720709455633e-01
1.286614028662597065e+01,6.621224788073887702e+00,7.522178555551062296e-01
1.415168021504310225e+01,6.665426596507567858e+00,6.486710445546747250e-01
1.428784064304513102e+01,6.668108803555830910e+00,2.951294995912521202e-01
1.372205466832299692e+01,6.648915589251047642e+00,3.752476093161630222e-01
1.437490695898996407e+01,6.672552225399106085e+00,5.415068974744836616e-01
1.449423469563547151e+01,6.676297656989212292e+00,4.726651038976807384e-01
1.462548979103911684e+01,6.681744027563750521e+00,6.281089149224529100e-01
1.502450002044361099e+01,6.695379733898862540e+00,6.008545195916842330e-01
1.501727192436814740e+01,6.693903610248629121e+00,3.878835245626481854e-01
1.468440572232448993e+01,6.684244883093108491e+00,7.071729314541955747e-01
1.430055974838732169e+01,6.670160509696468232e+00,5.709725923030299910e-01
1.430566517564028928e+01,6.671398567240234279e+00,7.542569591568754062e-01
1.436314268880382095e+01,6.673311472063856442e+00,7.396933008225898831e-01
1.362889211136783452e+01,6.646684505620277683e+00,5.468475916708833706e-01
1.361827290050415940e+01,6.647036241267055168e+00,6.707156293133068603e-01
1.332889773360242458e+01,6.638095766280636134e+00,8.674418673217094700e-01
1.361887263181416330e+01,6.648170173540087546e+00,8.619687397356379233e-01
1.385938941829026838e+01,6.655689579415382973e+00,7.145835609745538886e-01
1.433030987593216565e+01,6.670158542236323207e+00,3.894578811033628241e-01
1.410905323153524904e+01,6.663363853074621090e+00,5.414164408462326383e-01
1.321696618283450420e+01,6.632397384855777567e+00,5.578992201269395990e-01
1.357316292592108908e+01,6.643788418993664457e+00,3.796891663871405087e-01
1.327914461561889681e+01,6.634297701972118766e+00,5.106936930267961250e-01
1.342477201356184935e+01,6.640450151187119232e+00,6.944244437911866186e-01
1.332960834149216645e+01,6.636339425676944792e+00,5.581613661776199109e-01
1.315187872751322296e+01,6.629095154224122766e+00,3.794784038175064711e-01
1.288655860060939595e+01,6.619795997256263220e+00,3.750572634853084342e-01
1.299332862139015354e+01,6.624573360358463781e+00,5.536001306792419641e-01
1.303378545200799898e+01,6.625237765964597791e+00,4.244627241692215391e-01
1.296460602375607962e+01,6.624844316540667855e+00,7.721783373307635756e-01
1.276759139234524731e+01,6.615619792078970107e+00,3.720468907252015844e-01
1.240518511841153604e+01,6.603370806674753624e+00,4.505823269381072915e-01
1.175898412430470685e+01,6.581289833697863578e+00,5.626310572089144868e-01
1.201196802138032460e+01,6.588273575353652767e+00,2.323000451574034064e-01
1.178432447789066018e+01,6.581122318418890949e+00,3.791559843978093980e-01
1.185601140010841448e+01,6.584319995245070167e+00,4.942322727501600732e-01
1.231124151943956235e+01,6.598344326260426662e+00,1.548790870894823091e-01
1.162655431697564268e+01,6.575300229369075211e+00,3.338587863932755972e-01
1.112588325831685054e+01,6.557365324890681357e+00,2.955276500853934452e-01
1.102307530368461563e+01,6.554811549072870669e+00,4.777253793460993769e-01
1.071687074408484719e+01,6.543706850735357072e+00,4.377329768308150237e-01
1.087376351769120042e+01,6.639058197813575646e+00,-7.416681692718131436e-02
1.127245914202586974e+01,6.563353590887886391e+00,4.296272948222363275e-01
1.084718292553876040e+01,6.549147202105551457e+00,5.740185605689301918e-01
1.101456602485409064e+01,6.554130388475948088e+00,4.117617117089004131e-01
1.032531285591368331e+01,6.528860921692182018e+00,2.775937787841464277e-01
9.272132720379747894e+00,6.490878487174375877e+00,2.178539476620635351e-01
9.822013213558738798e+00,6.511356535323590933e+00,3.497101030051433246e-01
9.433262246949208674e+00,6.500129617720187269e+00,8.007900851677952625e-01
9.804709185377458169e+00,6.511237458426237801e+00,4.347011905526071418e-01
9.868698496146134147e+00,6.513252786262778926e+00,3.876805033190166005e-01
9.624543418865107114e+00,6.504812939920704196e+00,4.367411151263212443e-01
9.453980036208943005e+00,6.498249095930658470e+00,3.564913494081361489e-01
9.453969144501686017e+00,6.498471738753907267e+00,3.971527470823316697e-01
1.012652449310191649e+01,6.523297962602819133e+00,5.304619785740314342e-01
1.007433403204118427e+01,6.520266699185280679e+00,3.337208985390052174e-01
9.969248864239432351e+00,6.517041823035815362e+00,4.221919773430035105e-01
9.793842497774958744e+00,6.509469068873505293e+00,2.010610069004600264e-01
9.822709298827486890e+00,6.510860577824394646e+00,2.586917189315221521e-01
9.062002604615425838e+00,6.485346229651518080e+00,5.504018499839312684e-01
9.152626361914716568e+00,6.487072592395555226e+00,2.922718361717305813e-01
8.859137275651068677e+00,6.478348213229924824e+00,5.937891457278619001e-01
8.665513106986381331e+00,6.469278287486203816e+00,2.465718375982904054e-01
9.147762618941436941e+00,6.487166456517715396e+00,3.386686033684204178e-01
9.360792377426271571e+00,6.494443915932477829e+00,2.721040530973681815e-01
9.008643404517087561e+00,7.343924230197333536e+00,-9.025185233041782508e-04
8.531751873459450408e+00,6.466274244934258064e+00,5.455108585511986297e-01
8.657413649618201035e+00,6.470416210802069301e+00,4.832277856499079816e-01
9.234882052845481581e+00,6.492047377585341117e+00,6.320964379744762329e-01
8.807902175548070645e+00,6.476168839712877379e+00,5.391548870921075709e-01
9.129506677586828545e+00,6.489751607358460461e+00,8.823519733990216052e-01
8.875398187636694303e+00,6.479568337629439512e+00,7.042367630378092436e-01
8.702359681797734225e+00,6.472175911607164878e+00,5.072029588318723858e-01
8.913465451856325217e+00,6.479101519092988148e+00,3.942676081256289988e-01
8.409133627374602682e+00,6.462944136336825629e+00,7.273234399117776139e-01
7.837378463912841653e+00,6.443760672681817070e+00,9.711756315109397741e-01
7.585166206294707614e+00,6.433216752328508647e+00,7.403921098687228364e-01
6.777342361572758378e+00,6.404216719343520658e+00,7.983802542002617075e-01
6.716791207831007249e+00,6.399214938195396662e+00,3.308957818384730687e-01
7.707659478258131358e+00,6.434439540541629476e+00,1.976455685456899591e-01
7.817130472487716197e+00,6.441197981976920062e+00,6.644365240645582205e-01
7.941729065991770753e+00,6.443618649841364565e+00,3.188718805720696103e-01
7.772118330421887933e+00,6.439201706735610209e+00,6.002400772464897560e-01
8.055066855597189601e+00,6.447195359146459914e+00,2.325014957425027284e-01
8.406796269603390215e+00,6.462086434736176166e+00,5.936557113216015535e-01
8.534554448115683201e+00,6.466473253417124312e+00,5.605149802227554767e-01
9.407906834936140328e+00,6.498693594846435495e+00,7.070479607049463544e-01
8.979122636808288149e+00,6.482556509515947418e+00,5.782319449651799337e-01
9.095743946501562149e+00,6.487017671469943458e+00,6.234519674299943137e-01
1.019208261444521391e+01,6.525242728143870963e+00,4.550522622615813528e-01
1.081743313230836279e+01,6.547510087870239914e+00,4.619158567509886737e-01
1.110828041783405240e+01,6.557216751280001255e+00,3.635495755666277029e-01
1.108048433926001231e+01,6.557296698426210213e+00,5.355495085292808488e-01
1.175126668702356980e+01,6.581252540219468372e+00,5.821566174753990408e-01
1.146381628898889637e+01,6.570569655407086707e+00,4.932440463905026218e-01
1.172686815823860051e+01,6.580839961336046429e+00,6.609993766345814148e-01
1.162904420595982380e+01,6.574785687294597558e+00,2.124596391175408161e-01
1.229004037804234528e+01,6.600731071864191613e+00,6.795548730540177385e-01
1.197501751197324005e+01,6.587454574144993025e+00,2.947152435245305457e-01
1.195477360606325412e+01,6.587047014958395508e+00,3.450259249347323309e-01
1.182458394594990203e+01,6.583379124234478574e+00,5.104933114931432536e-01
1.249977336620257518e+01,6.606527450655989675e+00,4.073131870278530742e-01
1.190449280545398913e+01,6.585321144712427355e+00,3.531600843027508096e-01
1.201450968905082917e+01,6.587861729066349703e+00,1.325112221863756767e-01
1.198338202959467402e+01,6.589198489403054637e+00,5.465322095119703460e-01
1.255116550682432219e+01,6.608758334643792587e+00,4.581783185093933342e-01
1.260025807595641822e+01,6.610011883025389778e+00,4.088955954298095774e-01
1.262255135712868181e+01,6.611475422752501885e+00,5.179683426617038844e-01
1.259232370864370409e+01,6.608593747580496114e+00,2.028088676313538619e-01
1.233759604514622943e+01,6.601615332834827932e+00,5.307425743409532881e-01
1.317329606136429199e+01,6.630098244530810092e+00,3.928442847487602640e-01
1.337127590673485322e+01,6.636503465548579506e+00,3.268023336640538679e-01
1.396497911138291492e+01,6.658472171972039000e+00,5.169704356031703529e-01
1.464593098820730255e+01,6.682697278874488056e+00,6.491265686249977351e-01
1.475525640511297532e+01,6.602028785815105216e+00,2.980583170453406927e-01
1.431296761193853229e+01,6.669798999149293195e+00,4.097949904050620651e-01
1.323879566993241141e+01,6.632213910543792501e+00,3.760587893878659105e-01
1.197325645115815007e+01,6.589310181567783253e+00,6.147073505113852532e-01
1.203191295911179992e+01,6.589879457850846833e+00,3.670669157322902776e-01
1.224055126495225920e+01,6.598463543292123035e+00,5.754189595535876833e-01
1.251207211357934135e+01,6.606860330989277941e+00,3.800990153512096570e-01
1.269715383685369403e+01,6.612819467555029362e+00,3.133539555315302261e-01
1.300081399495797640e+01,6.624672888544461458e+00,5.144787888977297996e-01
1.130308716166584304e+01,6.563104509435518708e+00,1.956954447049835677e-01
1.045796260266247479e+01,6.533888455798734007e+00,3.124551815216088380e-01
1.107505053013637308e+01,6.555280357266537017e+00,2.326975891747448955e-01
1.095649748518343003e+01,6.551158469689183583e+00,2.546956301164739478e-01
1.197850678309212036e+01,6.587918283461409175e+00,3.598040572749287014e-01
1.207358139965735333e+01,6.591409735648126933e+00,3.939475490467446717e-01
1.168452353653118259e+01,6.577849962407576356e+00,4.127925291138500596e-01
1.160144131327032468e+01,6.574123838038102186e+00,2.815196830091054037e-01
9.815361524135662208e+00,6.511773179153866664e+00,4.333572561750462793e-01
9.477334460258409976e+00,6.498548134937196963e+00,2.584489419661917253e-01
9.422065913671863413e+00,6.497088903573684959e+00,3.506222489207913573e-01
9.455448092659537451e+00,6.498151958522508487e+00,3.260100441032210972e-01
1.022892265863713313e+01,6.525902743370938452e+00,3.485012663865052485e-01
9.981198840974240483e+00,6.517850988365089471e+00,4.769689542543706917e-01
1.074932194263685936e+01,6.544717391901914816e+00,4.107899701120141245e-01
1.020656292425201705e+01,6.526452867565430083e+00,5.737867477476289446e-01
1.022764938307513560e+01,6.527689519970312659e+00,6.639644690390429371e-01
1.015803729872574301e+01,6.523501912742379893e+00,3.793416613812778948e-01
1.037095924976097372e+01,6.531991959365473832e+00,5.451492793524558289e-01
1.026713576210818069e+01,6.528456784715908512e+00,5.376241750334911362e-01
1.090933256533407736e+01,6.549854268873245289e+00,3.046088644298199366e-01
1.061184803067197180e+01,6.538826799526672673e+00,2.321900653611130572e-01
1.082087937300240021e+01,6.545196403332454338e+00,4.913376131377275580e-02
1.026185755268127586e+01,6.527089237473609806e+00,3.673517272334740347e-01
9.829427141654301536e+00,6.511189305348963785e+00,2.637676468637076832e-01
1.049436056969538456e+01,6.534369918771649743e+00,1.882128468613826211e-01
1.132705857513953163e+01,6.564323284837658257e+00,2.654789169185740039e-01
1.215126503009149950e+01,6.594037491405320139e+00,3.584294888607963414e-01
1.204119622477800000e+01,6.589504609685485903e+00,2.638986417440413734e-01
1.159985462059839989e+01,6.574972211742598383e+00,4.336532375684740703e-01
1.179513603746656969e+01,6.585911988224956382e+00,1.151136985306238092e+00
1.157962223352679310e+01,6.578846366257483425e+00,1.212648963071871755e+00
1.114481875136294420e+01,6.564031293854069027e+00,1.306797929830396665e+00
1.170585559676804621e+01,6.582855187464252467e+00,1.129987785817191837e+00
1.229381605514150877e+01,6.601742383212340748e+00,8.379573501298415161e-01
1.266728944973165305e+01,6.612580812268123331e+00,4.633958568320742377e-01
1.277911590873712022e+01,6.616300599482351608e+00,4.185106212999907815e-01
1.302847605100224548e+01,6.627104757263871271e+00,7.490329388008292177e-01
1.270670171740646026e+01,6.617613789509303679e+00,1.069247770633434680e+00
1.268799240331054179e+01,6.615365232206396939e+00,8.236506482730761025e-01
1.232757827346112833e+01,6.604532893385197667e+00,1.118817857377353064e+00
1.300247133975045521e+01,6.627357605002250018e+00,9.582627059005208725e-01
1.356306862408078473e+01,6.645558972463360803e+00,7.388444130100954022e-01
1.327213790694851170e+01,6.635470622035976263e+00,7.432554530189838804e-01
1.333212877066770652e+01,6.636573166642222077e+00,5.919567117479516138e-01
1.321649292047086988e+01,6.634241892500582161e+00,8.668397827320590832e-01
1.316675035526635185e+01,6.633047310621304149e+00,9.627231890901730704e-01
1.371531570001103439e+01,6.651003478240705924e+00,7.696462229596791049e-01
1.434612869269292901e+01,6.674264204116646226e+00,9.912070104669429282e-01
1.432264920909269534e+01,6.671955857474130447e+00,7.478828776270624035e-01
1.425938591979960357e+01,6.669493279990285295e+00,6.936326821673018950e-01
1.398650489003961184e+01,6.662435400587613188e+00,1.108326577321490092e+00
1.348424138482334200e+01,6.645108900151155851e+00,1.157493330044049529e+00
1.368393425541245101e+01,6.648868905132571783e+00,6.022822521708035559e-01
1.412406707778196235e+01,6.665050958774005885e+00,7.459699437110851594e-01
1.509915086493082903e+01,6.697431007896366140e+00,5.051898860365029442e-01
1.440926933898991358e+01,6.675865121231780108e+00,9.068411848773904049e-01
1.398311489527666041e+01,6.659725261228398807e+00,6.690128886692514598e-01
1.460560741602501800e+01,6.684321948188084228e+00,1.195878516954961723e+00
1.409392278376960306e+01,6.663850500733820681e+00,7.163474932576145981e-01
1.376985367051788423e+01,6.652016699626708274e+00,6.238240689405791795e-01
1.438993125803179396e+01,6.673045686498373819e+00,5.297945208973914299e-01
1.469637597543839469e+01,6.682483051879537506e+00,3.235608006958572425e-01
1.478905714072887712e+01,6.687059839900704183e+00,5.754882841824988660e-01
1.492626845528201862e+01,6.692690471108249994e+00,7.265281726418103547e-01
1.479903656782062882e+01,6.687915851836653047e+00,6.453928386158713781e-01
1.425068294235340183e+01,6.668267558914942050e+00,5.419914810670666272e-01
1.420759331048762419e+01,6.666161205315265903e+00,4.419109361523356760e-01
1.405086813380133925e+01,6.659357217159159958e+00,2.045694201143930802e-01
1.463705162227181056e+01,6.681187285993054559e+00,4.614328709663569339e-01
1.494349107832690393e+01,6.692760383359050103e+00,6.330417837638624423e-01
1.485422637635036835e+01,6.688252413425040288e+00,4.008872926833266237e-01
1.496278818001175104e+01,6.693704473327212412e+00,6.897977847791099126e-01
1.482046807906151820e+01,6.686705510969407129e+00,3.370978592419292541e-01
1.451046168076171305e+01,6.676739243953793590e+00,4.525674984572234383e-01
1.382837347166725372e+01,6.653626837067415423e+00,5.584220804142457917e-01
1.397663250780579780e+01,6.657130626077104374e+00,2.609868593726922259e-01
1.434366498522397748e+01,6.670854710434097612e+00,4.400345003273528621e-01
1.481639789719320355e+01,6.687827369379848896e+00,5.421528449638173264e-01
1.388988164193717267e+01,6.657219445984136286e+00,8.005089002553816835e-01
1.479209607022767692e+01,6.686593403487272269e+00,4.734375949785193938e-01
1.393019073528345864e+01,6.656441120255149002e+00,4.290645221520939523e-01
1.361964370388224310e+01,6.647106727410734273e+00,6.819025856499748572e-01
1.397644546363564366e+01,6.658775417930617557e+00,5.593607275660791300e-01
1.413225848560003861e+01,6.664353192998190956e+00,5.911426423267669428e-01
1.403205941831235037e+01,6.660136023855288911e+00,4.465149320385907727e-01
1.393429038897411942e+01,6.656352159917492628e+00,3.938353365900137959e-01
1.410560331521987720e+01,6.661528153049057543e+00,2.562044500051784413e-01
1.352818832826979545e+01,6.640716195371989095e+00,1.397739775863647282e-01
1.363175081094801655e+01,6.646141809265809108e+00,4.504007224064611181e-01
1.391823543278320230e+01,6.657288322823638360e+00,6.599431122580953213e-01
1.396284471726317378e+01,6.659659176171107475e+00,7.888618082257408126e-01
1.448541438603637488e+01,6.677290198004401489e+00,7.130437995649515637e-01
1.429268800479229640e+01,6.670208627347386177e+00,6.393900872205001695e-01
1.367941206863716452e+01,6.647092882407627634e+00,3.263865114032252768e-01
1.321482601423908676e+01,6.631545045905186342e+00,4.378188847826011698e-01
1.337653245281310355e+01,6.636431779988641644e+00,3.049369957434913125e-01
1.377252504092245289e+01,6.650449926920862787e+00,3.420826529029050156e-01
1.413364071499843000e+01,6.662681848836485621e+00,2.887972728376291820e-01
1.390876928880049590e+01,6.656788609730378781e+00,6.345220861776849075e-01
1.319247393514634048e+01,6.631071879801334390e+00,5.032906960075648195e-01
1.309725730461505222e+01,6.627575279303118627e+00,4.665867522955040592e-01
1.383857696848981789e+01,6.654711290571661664e+00,6.866859822218073228e-01
1.389726554275256021e+01,6.656834910029947316e+00,7.016314832715263572e-01
1.385810108476920632e+01,6.653439932983930660e+00,3.518511017306746869e-01
1.247517637132651913e+01,6.606692066407919839e+00,6.213394600893826780e-01
9.086100485861329901e+00,6.484270147151139696e+00,2.569578882418387944e-01
5.292566461004866163e+00,6.346881596334445597e+00,3.415804592474405710e-01
3.598100406229589154e+00,6.284485784537380049e+00,4.071749197628782291e-01
3.639042043300795726e+00,6.285701251592558769e+00,3.614120992994284132e-01
5.886897719967370435e+00,6.366558701756186878e+00,-2.050935718895611701e-02
7.657466469601556192e+00,6.432762133662638604e+00,2.614840987496333535e-01
7.791759399253445295e+00,6.437152735032584339e+00,1.746020555235602290e-01
6.210110905828575056e+00,6.380284428561266985e+00,2.954069470262605801e-01
6.011341925949988507e+00,6.375061276052539583e+00,6.300811578264008395e-01
6.815031203057696274e+00,6.402387637366987683e+00,2.999730507841362193e-01
7.240854936457838065e+00,6.417619950056232980e+00,2.506064430082641792e-01
7.728660924236812058e+00,6.435798880713598180e+00,3.294661307161505515e-01
7.669969280273837064e+00,6.433367517482270870e+00,2.804073853320039889e-01
7.767627733583344352e+00,6.436945074536843059e+00,2.893850739461456545e-01
7.895528908542648772e+00,6.441521028274512339e+00,2.804490370940372901e-01
7.635088340142564434e+00,6.431384951253916960e+00,1.613394209395351553e-01
8.870380174202802337e+00,6.476176512883482062e+00,1.970634923824480245e-01
9.611281115974305678e+00,6.504255916109561220e+00,4.560479258570240280e-01
9.816166314416790328e+00,6.510160035922747390e+00,2.134439956649361037e-01
9.158849764243752745e+00,6.487897388835610180e+00,4.263145054008026236e-01
8.873142494745815512e+00,6.477920322309911327e+00,4.767784929349452305e-01
8.319889004475404803e+00,6.457219159103837924e+00,3.428733071700832413e-01
7.717104905610524312e+00,6.435799978600762472e+00,4.025038972144001637e-01
8.451323583309845233e+00,6.464680768960620050e+00,7.956403110101326615e-01
9.425816898147031608e+00,6.500179208763118055e+00,8.874713409760827121e-01
9.177649700618156103e+00,6.491049857522749988e+00,8.444596063973011102e-01
8.928511784230794390e+00,6.481819329663602858e+00,7.979966367181025033e-01
8.336584689060440923e+00,6.458851813190029212e+00,5.113825562402128933e-01
8.488180232242511281e+00,6.463788745885580944e+00,4.274628816916991592e-01
8.383956509836346882e+00,6.459932584513741638e+00,4.057703121346741271e-01
8.244026427249622202e+00,6.456182527913886027e+00,6.243789814870442934e-01
8.125531448375660659e+00,6.451600757218642457e+00,5.749603286160767102e-01
7.627636991770208930e+00,6.434083690324247762e+00,6.505499737397382187e-01
7.869326280522885853e+00,6.442703635858196165e+00,6.383266545862482655e-01
8.644037322065596385e+00,6.471842281023742594e+00,8.340564589571436427e-01
8.038459394285792925e+00,6.447592100499811352e+00,4.291412425975102418e-01
8.062092952738693086e+00,6.449109741913256144e+00,5.406093629192101346e-01
8.160507694971887105e+00,6.451915235910192337e+00,4.142664415877035378e-01
8.079008445892197798e+00,6.449425073205339309e+00,4.912627873094604913e-01
7.535223124050816956e+00,6.427908254235695118e+00,1.812172514898093556e-01
7.115058078053617230e+00,6.416816981236453721e+00,8.760403917987215072e-01
6.472260091900100321e+00,6.392019140627082763e+00,6.468872661087633480e-01
6.466974670310837503e+00,6.390534865371224171e+00,4.314694930582660404e-01
6.398498990304006817e+00,6.390408682284620667e+00,8.321062572730245632e-01
5.969098599826302198e+00,6.373532332630697184e+00,6.334734270294299918e-01
6.226064462594671944e+00,6.383601625377258060e+00,7.453169679636267864e-01
6.305975515805838150e+00,6.384883470107458159e+00,4.699809938382582541e-01
6.123937870779058379e+00,6.378898092322052626e+00,5.826200751195844685e-01
5.780062714358145115e+00,6.366249378068728149e+00,5.742619136335903596e-01
6.330281128964228010e+00,6.384592124479130604e+00,2.727033505267876801e-01
6.010025394182987313e+00,6.372105559738309388e+00,1.500671599180370408e-01
6.464373154489657658e+00,6.390201311475885326e+00,3.909223248105350157e-01
6.354070697913814847e+00,6.387366253689619633e+00,5.932112055997931233e-01
5.519789623044833782e+00,6.359006979223688738e+00,9.555626751788007800e-01
5.649480376091516654e+00,6.361196075200013844e+00,5.316315643113888045e-01
5.232542213984805457e+00,6.347261406184271593e+00,7.626124863041618962e-01
5.068351693708796013e+00,6.339815330658764125e+00,5.340277747559433186e-01
5.248214708204461232e+00,6.345471771270588590e+00,3.732350974432050439e-01
5.300741884398360249e+00,6.347386003658304077e+00,3.684057791462839182e-01
5.562413056917036691e+00,6.359147468079014764e+00,7.216666595789780203e-01
5.800049203349080251e+00,6.366096378971235481e+00,4.265597077980657903e-01
5.842685468011443284e+00,6.367337693458308578e+00,3.709900189011317573e-01
5.595474887346274961e+00,6.357375153089307673e+00,2.263641800721425401e-01
5.655031078148539336e+00,6.360299455970316096e+00,3.466045549334201836e-01
5.622772683107685410e+00,6.359228278196980000e+00,3.659931757904780758e-01
5.254604772382519329e+00,6.347515655182215610e+00,6.691764983121538668e-01
4.737483498197436305e+00,6.327966970293097404e+00,5.922369521860875174e-01
4.364180601547331229e+00,6.314817206713317255e+00,7.024470368077296856e-01
4.259072643331037078e+00,6.310291415824422323e+00,5.980906915955759295e-01
4.664084522108553621e+00,6.323935276474860423e+00,3.749623515632539705e-01
4.772734631792385329e+00,6.327579499118381356e+00,3.132749337813785506e-01
4.966780538703383208e+00,6.334574847363846573e+00,2.839271718667888411e-01
4.832805304872354490e+00,6.328629758607139166e+00,1.206215522480586222e-01
4.216060030612719167e+00,6.305592351710902044e+00,9.091388185145887757e-02
3.936220319306382276e+00,6.295587675240414960e+00,1.559094082057752850e-01
4.345863896684542205e+00,6.311466257466373797e+00,2.628832590488481280e-01
4.829826753628527314e+00,6.329290333007168812e+00,2.460486704839785488e-01
4.657528867457646271e+00,6.322135926902233471e+00,1.179018622280007950e-01
4.421435160623246041e+00,6.315191111476274877e+00,4.133433179627588605e-01
3.901178738992151285e+00,6.294377857821422673e+00,1.704939250644616211e-01
3.931265917231336449e+00,6.296144508702300691e+00,2.755967272630738263e-01
4.506782947723193544e+00,6.316385765492202431e+00,9.004345848900864591e-02
4.126982571937231725e+00,6.304497272892804816e+00,4.505704320436086374e-01
4.097925340374541925e+00,6.303476447424173124e+00,4.607819565749645130e-01
3.971415110899150669e+00,6.297684659310624156e+00,2.823607277645011071e-01
3.596391104005114414e+00,6.284567372215827952e+00,4.220922057113338788e-01
3.289733102029570588e+00,6.272921784605695272e+00,3.912496417044381558e-01
3.246725511514374496e+00,6.271230123098122888e+00,3.769477404857018432e-01
3.448541258078536398e+00,6.277977227310388209e+00,2.483376852949212288e-01
3.699750374448745660e+00,6.286410224372153799e+00,9.274383364833459209e-02
3.883331089680988057e+00,6.293305750144528865e+00,1.011248690329546868e-01
3.677621624145206436e+00,6.285367956855072435e+00,5.699223121046972929e-02
3.141992958786811840e+00,6.266076802286535852e+00,1.778152796920838552e-01
3.161821680547061142e+00,6.265089000315649415e+00,-1.043124308523419724e-01
2.802875162097447248e+00,6.253791416671584891e+00,2.461102110161213219e-01
2.622024344053787370e+00,6.245711490501378194e+00,3.764751542806563100e-02
2.614541441519978360e+00,6.245345428870443527e+00,2.359191063983079664e-02
2.850005823994930410e+00,6.255299413256775409e+00,2.013097101022633117e-01
2.858532552855912456e+00,6.254751329431490703e+00,6.082084591984922989e-02
3.095543304486040981e+00,6.264177813221607494e+00,1.495108785257956707e-01
2.968730213578426369e+00,6.258374625585322981e+00,-2.214905386701644663e-02
2.639995331494993991e+00,6.248341542727932740e+00,3.538410594915837315e-01
2.674919105734001601e+00,6.247531042853624150e+00,9.209993619278433741e-03
2.327192648623269911e+00,6.235374790433716008e+00,1.604974670320156449e-01
2.244355088995351633e+00,6.233007731231738902e+00,2.802473831673784055e-01
2.316137543556780365e+00,6.235450240375526754e+00,2.414683317692498665e-01
2.237029061414676612e+00,6.232359803063919124e+00,2.247773962445132612e-01
2.621846246073974207e+00,6.247413915223241965e+00,3.113683103047290568e-01
2.880689267002795706e+00,6.254907369596818256e+00,-4.705192479257089277e-02
2.579067517653722330e+00,6.244675323765549457e+00,1.315387889410274957e-01
2.342801661636374710e+00,6.235067187336183814e+00,1.447356817515422014e-02
2.020480800898745155e+00,6.224554740339525161e+00,2.807777133270649705e-01
1.918319380697328658e+00,6.219776820575905418e+00,1.351430965448940369e-01
1.853365568358380289e+00,6.217497957677278642e+00,1.601792199257309202e-01
1.802937145584118106e+00,6.215210731241909592e+00,1.038145602912421972e-01
1.881198806905413301e+00,6.219647049997172772e+00,3.361291014046385861e-01
1.987248794539455465e+00,6.222540110309457972e+00,1.563454885893490742e-01
1.983438464877287144e+00,6.222465490183629377e+00,1.709678616985816357e-01
2.010604032049819079e+00,6.222513604421227029e+00,1.246159059543289205e-02
1.846462932127442169e+00,6.217239685139302807e+00,1.630960023599342945e-01
1.907608013313581541e+00,6.219103658518604583e+00,9.429074529555474260e-02
